source,entity,type
Adodurov,Adodurow,GPE
Adodurov,Adoduroff,PERSON
Adodurov,Cyrillic,NORP
Adodurov,Адодуров,NORP
Adodurov,Ададуров,GPE
Adodurov,Атадуров,GPE
Adodurov,Одадуров,GPE
Adodurov,Ододуров / Basilius,ORG
Adodurov,Василий Евдокимович,PERSON
Adodurov,1709-03-15/26,DATE
Adodurov,Bugreevo,GPE
Adodurov,1780-11-05/16,DATE
Adodurov,Saint Petersburg,GPE
Adodurov,Lazarevskoye Cemetery,GPE
Adodurov,Alexander Nevsky Lavra,PERSON
Adodurov,1,CARDINAL
Adodurov,Kleopatra Alekseevna,PERSON
Adodurov,1717,DATE
Adodurov,2,CARDINAL
Adodurov,Tatiana,GPE
Adodurov,1749,DATE
Adodurov,Dmitry,ORG
Adodurov,Vasily,GPE
Adodurov,Adodurov,PERSON
Adodurov,Novgorod Greek-Slavic,NORP
Adodurov,the spring of 1723 to December 1725,DATE
Adodurov,the Moscow Slavic-Greek-Latin Academy,FAC
Adodurov,1726,DATE
Adodurov,the Saint Petersburg Academy School,ORG
Adodurov,February 1727,DATE
Adodurov,the Saint Petersburg Academy University,ORG
Adodurov,Church Slavonic,ORG
Adodurov,Latin,LANGUAGE
Adodurov,Russian,NORP
Adodurov,German,NORP
Adodurov,1728 to 1733,DATE
Adodurov,Vasily Adodurov,PERSON
Adodurov,the Saint Petersburg Academy of Sciences,ORG
Adodurov,Primechaniia k Vedomostiam,PERSON
Adodurov,Journal,ORG
Adodurov,Kratkoe,PERSON
Adodurov,Kommentariev Akademii,PERSON
Adodurov,A Brief Description of the Comments of the Academy of Sciences,WORK_OF_ART
Adodurov,Academy’s,ORG
Adodurov,1731,DATE
Adodurov,German,NORP
Adodurov,26 October 1733,DATE
Adodurov,the Department of Higher Mathematics,ORG
Adodurov,the Academy of Sciences,ORG
Adodurov,1735,DATE
Adodurov,the Academic Assembly,ORG
Adodurov,Russian,NORP
Adodurov,July 1736,DATE
Adodurov,Slavonic,NORP
Adodurov,Latin,NORP
Adodurov,the Junker Senate School,ORG
Adodurov,1738,DATE
Adodurov,Russian,NORP
Adodurov,the Academy of Sciences,ORG
Adodurov,1740,DATE
Adodurov,1739,DATE
Adodurov,Adodurov,PERSON
Adodurov,Artemy Petrovich Volynsky,PERSON
Adodurov,1742,DATE
Adodurov,Moscow,GPE
Adodurov,Academy,ORG
Adodurov,Count Aleksei Grigorievich Razumovsky,PERSON
Adodurov,Russian,NORP
Adodurov,Princess Sophie of Anhalt-Zerbst,ORG
Adodurov,Empress Catherine II,LAW
Adodurov,March 1744,DATE
Adodurov,March 1741,DATE
Adodurov,Adodurov,PERSON
Adodurov,the Academy of Sciences,ORG
Adodurov,the Heroldmeister Office,ORG
Adodurov,Assessor,GPE
Adodurov,Councillor,PERSON
Adodurov,July 1744,DATE
Adodurov,Heroldmeister,ORG
Adodurov,March 1753,DATE
Adodurov,1759,DATE
Adodurov,State,ORG
Adodurov,Councillor,PERSON
Adodurov,1761,DATE
Adodurov,Orenburg,GPE
Adodurov,1762,DATE
Adodurov,the College of Manufacturing,ORG
Adodurov,October 1762,DATE
Adodurov,Imperial Moscow University,ORG
Adodurov,1778,DATE
Adodurov,1779,DATE
Adodurov,Honorary,PERSON
Adodurov,the Saint Petersburg Academy of Sciences,ORG
Adodurov,Adodurov,PERSON
Adodurov,the Order of Saint,PERSON
Adodurov,Alexander Nevsky,PERSON
Adodurov,the Order of Saint Anna,PERSON
Adodurov,Academy School,ORG
Adodurov,Academy University,ORG
Adodurov,Junker,ORG
Adodurov,Senate,ORG
Adodurov,1736,DATE
Adodurov,Saint Petersburg,GPE
Adodurov,Sophie Friederike Auguste,ORG
Adodurov,Anhalt-Zerbst-Dornburg,GPE
Adodurov,Russian,NORP
Adodurov,1744,DATE
Adodurov,Adodurov,PERSON
Adodurov,Russian,NORP
Adodurov,Russian,NORP
Adodurov,Compendium Grammaticae,PERSON
Adodurov,Kurtze Einleitung,PERSON
Adodurov,Russischen Sprache Denen Ausländern,PERSON
Adodurov,zum Besten,PERSON
Adodurov,Short Introduction,ORG
Adodurov,"the Benefit of Foreigners].
",WORK_OF_ART
Adodurov,Compendium,ORG
Adodurov,the first half of 1731,DATE
Adodurov,H. Keipert,PERSON
Adodurov,A. Huterer,PERSON
Adodurov,1731,DATE
Adodurov,Akademie Grammatik,ORG
Adodurov,Russischen Sprache,PERSON
Adodurov,Munich,GPE
Adodurov,2002,DATE
Adodurov,Compendium (Library of the Russian Academy of Sciences,ORG
Adodurov,F250,CARDINAL
Adodurov,the Academy of Sciences,ORG
Adodurov,Martin Schwanwitz,PERSON
Adodurov,Vasily Adodurov,PERSON
Adodurov,Russian,NORP
Adodurov,Adodurov,PERSON
Adodurov,Russischen Sprache,PERSON
Adodurov,Teutsch-Lateinisch-,PERSON
Adodurov,Russisches Lexicon,PERSON
Adodurov,St. Petersburg,GPE
Adodurov,Gedr,PERSON
Adodurov,Kayserl,PERSON
Adodurov,Acad,PERSON
Adodurov,Wissenschafften Buchdruckerey,PERSON
Adodurov,1731,DATE
Adodurov,Russian,NORP
Adodurov,the Compendium Grammaticae Russicae,ORG
Adodurov,Adodurov,PERSON
Adodurov,Russian,NORP
Adodurov,Russian,LANGUAGE
Adodurov,1738–1740,DATE
Adodurov,Boris Uspensky,PERSON
Adodurov,1975,DATE
Adodurov,Russian,LANGUAGE
Adodurov,Vasily Adodurov,PERSON
Adodurov,Junker,ORG
Adodurov,Senate,ORG
Adodurov,the Academy University,ORG
Adodurov,first,ORDINAL
Adodurov,M. Groening’s,ORG
Adodurov,Swedish,NORP
Adodurov,1750,DATE
Adodurov,Catherine II,PERSON
Adodurov,Vasily Adodurov,PERSON
Adodurov,Adodurov,PERSON
Adodurov,German,NORP
Adodurov,Schwanwitz,PERSON
Adodurov,Martin,PERSON
Adodurov,авторов,GPE
Adodurov,изданная,GPE
Adodurov,German,NORP
Adodurov,the St. Petersburg Gymnasium,ORG
Adodurov,St. Petersburg,GPE
Adodurov,Pech,NORP
Adodurov,Akad,PERSON
Adodurov,1734,DATE
Adodurov,Schwanwitz,PERSON
Adodurov,Martin,PERSON
Adodurov,авторов,GPE
Adodurov,Санктпетербургской,NORP
Adodurov,German,NORP
Adodurov,Grammar,PERSON
Adodurov,Revised,PERSON
Adodurov,Corrected,NORP
Adodurov,the St. Petersburg Gymnasium,ORG
Adodurov,St. Petersburg,GPE
Adodurov,Pech,NORP
Adodurov,Akad,PERSON
Adodurov,1746,DATE
Adodurov,German-Russian,NORP
Adodurov,German,NORP
Adodurov,Russian,NORP
Adodurov,second,ORDINAL
Adodurov,third,ORDINAL
Adodurov,Vasily Adodurov,PERSON
Adodurov,Latin,LANGUAGE
Adodurov,Grammatica Marchica,PERSON
Adodurov,Regeln nützliche,ORG
Adodurov,Anmerckungen,PERSON
Adodurov,Berlin,GPE
Adodurov,J.Ch,GPE
Adodurov,Pape,PERSON
Adodurov,1718,DATE
Adodurov,Compendium Grammaticae Latinae,PERSON
Adodurov,Kurtzer Auszug Aus,PERSON
Adodurov,Lateinischen Grammatica Marchica,PERSON
Adodurov,Zur Erlernung,PERSON
Adodurov,Der Lateinischen Sprache,PERSON
Adodurov,G. Nicolai,PERSON
Adodurov,1730,DATE
Adodurov,Grammatica Marchica,PERSON
Adodurov,the Academy School and University,ORG
Adodurov,Teutsch-Lateinisch-,ORG
Adodurov,Russisches Lexicon,PERSON
Adodurov,Anfangs-Gründen,FAC
Adodurov,Russischen Sprache,PERSON
Adodurov,Nutzen,ORG
Adodurov,Kayserl,PERSON
Adodurov,Academie der,PERSON
Adodurov,Wissenschaften zum Druck,PERSON
Adodurov,Немецко,ORG
Adodurov,Лексикон,ORG
Adodurov,Императорскои Академии,PERSON
Adodurov,German,NORP
Adodurov,Russian Lexicon,GPE
Adodurov,first,ORDINAL
Adodurov,Russian,NORP
Adodurov,the Imperial Academy of Sciences,ORG
Adodurov,Gedr,PERSON
Adodurov,Kayserl,PERSON
Adodurov,Acad,PERSON
Adodurov,Wissenschafften Buchdruckerey,PERSON
Adodurov,1731,DATE
Adodurov,Russian,NORP
Adodurov,I. Gorletsky,PERSON
Adodurov,I. Ilyinsky,ORG
Adodurov,M. Satarov,PERSON
Adodurov,S. Korovin,PERSON
Adodurov,Adodurov,PERSON
Adodurov,1734; 1746,DATE
Adodurov,Vasily Adodurov,PERSON
Adodurov,Russian,NORP
Adodurov,second,ORDINAL
Adodurov,third,ORDINAL
Adodurov,German,NORP
Adodurov,first,ORDINAL
Adodurov,1730,DATE
Adodurov,Latin,NORP
Adodurov,Russian,NORP
Adodurov,Adodurov,PERSON
Adodurov,1731,DATE
Adodurov,Russian,NORP
Adodurov,1728-1733,DATE
Adodurov,Рождества Господа,ORG
Adodurov,Иисуса Христа,PERSON
Adodurov,Calendar,PERSON
Adodurov,the Year,DATE
Adodurov,St. Petersburg,GPE
Adodurov,1726,DATE
Adodurov,St. Petersburg,GPE
Adodurov,1728,DATE
Adodurov,описание Комментариев Академии,PERSON
Adodurov,the Academy of Sciences,ORG
Adodurov,1,CARDINAL
Adodurov,the year 1726,DATE
Adodurov,St. Petersburg,GPE
Adodurov,1728,DATE
Adodurov,1736-1745,DATE
Adodurov,Goldbach,PERSON
Adodurov,Christian,NORP
Adodurov,Изображение,PERSON
Adodurov,28,CARDINAL
Adodurov,1736,DATE
Adodurov,Санктпетербурге,ORG
Adodurov,Depiction of the Fireworks,ORG
Adodurov,"April 28, 1736",DATE
Adodurov,Saint Petersburg,GPE
Adodurov,St. Petersburg,GPE
Adodurov,Imp,PERSON
Adodurov,Akad,PERSON
Adodurov,1736,DATE
Adodurov,Stäehlin,PERSON
Adodurov,Jacob,GPE
Adodurov,Краткое,GPE
Adodurov,онаго фейэрверка,PERSON
Adodurov,Которые,PERSON
Adodurov,28,CARDINAL
Adodurov,1737,DATE
Adodurov,A Brief Explanation of the Fireworks and Illumination That were Presented,WORK_OF_ART
Adodurov,"April 28, 1737",DATE
Adodurov,the Imperial Palace,ORG
Adodurov,Saint Petersburg,GPE
Adodurov,St. Petersburg,GPE
Adodurov,Imp,PERSON
Adodurov,Akad,PERSON
Adodurov,1737,DATE
Adodurov,Stäehlin,GPE
Adodurov,Jacob,GPE
Adodurov,Краткое,GPE
Adodurov,онаго фейерверка,PERSON
Adodurov,Которые,PERSON
Adodurov,1738,DATE
Adodurov,пред императорскими палатами в,ORG
Adodurov,A Brief Explanation of the Fireworks and Illumination That Were Presented on the First Evening of 1738 Before the Imperial Palace in,WORK_OF_ART
Adodurov,Saint Petersburg,GPE
Adodurov,St. Petersburg,GPE
Adodurov,Imp,PERSON
Adodurov,Akad,PERSON
Adodurov,1738,DATE
Adodurov,Stäehlin,PERSON
Adodurov,Jacob,PERSON
Adodurov,Описание,PERSON
Adodurov,28 генваря,CARDINAL
Adodurov,Saint Petersburg,GPE
Adodurov,"the 28th Day of January, 1738",DATE
Adodurov,St. Petersburg,GPE
Adodurov,Imp,PERSON
Adodurov,Akad,PERSON
Adodurov,1738,DATE
Adodurov,Goldbach,PERSON
Adodurov,Christian,NORP
Adodurov,Описание фейэрверка,PERSON
Adodurov,1,CARDINAL
Adodurov,1739,DATE
Adodurov,пред палатами,ORG
Adodurov,Санктпетербурге,PERSON
Adodurov,"January 1, 1739",DATE
Adodurov,Front of Her Imperial Majesty's,ORG
Adodurov,Palace,GPE
Adodurov,Saint Petersburg,GPE
Adodurov,St. Petersburg,GPE
Adodurov,Imp,PERSON
Adodurov,Akad,PERSON
Adodurov,1739,DATE
Adodurov,Goldbach,PERSON
Adodurov,Christian,NORP
Adodurov,Описание,PERSON
Adodurov,28,CARDINAL
Adodurov,генваря 1739,DATE
Adodurov,Санктпетербурге,PERSON
Adodurov,Saint Petersburg,GPE
Adodurov,"the 28th Day of January, 1739",DATE
Adodurov,St. Petersburg,GPE
Adodurov,Imp,PERSON
Adodurov,Akad,PERSON
Adodurov,1739,DATE
Adodurov,Stäehlin,PERSON
Adodurov,Jacob,PERSON
Adodurov,Описание,PERSON
Adodurov,онаго фейэрверка,PERSON
Adodurov,Зимним,PRODUCT
Adodurov,Санктпетербурге,ORG
Adodurov,10,CARDINAL
Adodurov,Description and Explanation of the Firework That Was Presented in Front of the Imperial Winter Palace,WORK_OF_ART
Adodurov,Saint Petersburg,GPE
Adodurov,"the 10th Day of February, 1745",DATE
Adodurov,St. Petersburg,GPE
Adodurov,Imp,PERSON
Adodurov,Akad,PERSON
Adodurov,1745,DATE
Adodurov,German,NORP
Adodurov,сложных,ORG
Adodurov,A Brief Guide to Understanding Simple and Complex Machines,WORK_OF_ART
Adodurov,St. Petersburg,GPE
Adodurov,Imp,PERSON
Adodurov,Akad,PERSON
Adodurov,1738,DATE
Adodurov,Leonhard,PRODUCT
Adodurov,Гимназии,PERSON
Adodurov,Императорской,PERSON
Adodurov,the Gymnasium of the Imperial Academy of Sciences,FAC
Adodurov,1,CARDINAL
Adodurov,St. Petersburg,GPE
Adodurov,Akad,PERSON
Adodurov,1740,DATE
Adodurov,Adodurov,PERSON
Adodurov,1731,DATE
Adodurov,1-48,CARDINAL
Adodurov,2nd,ORDINAL
Adodurov,1983,DATE
Adodurov,Adodurov,PERSON
Adodurov,2014,DATE
Adodurov,Baumann,PERSON
Adodurov,1973,DATE
Adodurov,1980,DATE
Adodurov,Birzhakova 2010,DATE
Adodurov,1890,DATE
Adodurov,156,CARDINAL
Adodurov,II 1990,DATE
Adodurov,Groening,GPE
Adodurov,1750,DATE
Adodurov,Moskovskii,PERSON
Adodurov,2010,DATE
Adodurov,13,CARDINAL
Adodurov,1986,DATE
Adodurov,2002,DATE
Adodurov,Kostyshyn 2012,PERSON
Adodurov,232,CARDINAL
Adodurov,Leibman,PERSON
Adodurov,21-23,CARDINAL
Adodurov,Makeeva,GPE
Adodurov,1974,DATE
Adodurov,1,CARDINAL
Adodurov,110,CARDINAL
Adodurov,Materialy,GPE
Adodurov,Imperatorskoi Akademii,ORG
Adodurov,1870-1873,DATE
Adodurov,RBS,ORG
Adodurov,1 1896,CARDINAL
Adodurov,79-81,CARDINAL
Adodurov,Rudnev 2003,DATE
Adodurov,15,CARDINAL
Adodurov,1983,DATE
Adodurov,38–46,CARDINAL
Adodurov,"1963–1967, 1975",DATE
Adodurov,Uspensky,PERSON
Adodurov,1975,DATE
Adodurov,1997,DATE
Adodurov,437–573,CARDINAL
Adodurov,1958,DATE
Adodurov,1969,DATE
Adodurov,Zaretsky,PERSON
Adodurov,2014,DATE
Adodurov,Natalia,GPE
Adodurov,Kareva,GPE
Adodurov,Mikhail Sergeev,PERSON
Aller,1782/1783,DATE
Aller,Moscow,GPE
Aller,Moscow University,ORG
Aller,Candidate of Moral and Political Sciences,ORG
Aller,German,NORP
Aller,1800,DATE
Aller,1804,DATE
Aller,1812,DATE
Aller,Moscow Imperial Foundling Home,ORG
Aller,Moscow Imperial Foundling Home,ORG
Aller,Latin,NORP
Aller,TsIAM,PRODUCT
Aller,fol.6,GPE
Aller,39,CARDINAL
Aller,Maiia Lavrinovich,PERSON
Angiolini_DK,1748-11-27,DATE
Angiolini_DK,Piacenza,PERSON
Angiolini_DK,1816-11-17,DATE
Angiolini_DK,Rome,GPE
Angiolini_DK,Antonino,GPE
Angiolini_DK,Giuseppe,PERSON
Angiolini_DK,Francesco,PERSON
Angiolini_DK,Luigi Angiolini,PERSON
Angiolini_DK,Catholic,NORP
Angiolini_DK,Jesuit Collegiums,PERSON
Angiolini_DK,Piacenza,GPE
Angiolini_DK,Bologna,PERSON
Angiolini_DK,French,NORP
Angiolini_DK,the Society of Jesus,ORG
Angiolini_DK,17 October 1765,DATE
Angiolini_DK,Polatsk,GPE
Angiolini_DK,1783,DATE
Angiolini_DK,Jesuit Collegiums,ORG
Angiolini_DK,Ferrara,LOC
Angiolini_DK,Modena,PERSON
Angiolini_DK,1771–1773,DATE
Angiolini_DK,the Polatsk Jesuit Collegium,ORG
Angiolini_DK,1783–1786,CARDINAL
Angiolini_DK,French,NORP
Angiolini_DK,1786–1796,CARDINAL
Angiolini_DK,1797–1801,CARDINAL
Angiolini_DK,1786–1794,CARDINAL
Angiolini_DK,the Vitsebsk Jesuit Collegium,ORG
Angiolini_DK,the Orsha Jesuit Collegium,ORG
Angiolini_DK,1796–1797,DATE
Angiolini_DK,Preacher,PERSON
Angiolini_DK,Italian,NORP
Angiolini_DK,the Church of St. Catherine,ORG
Angiolini_DK,Saint Petersburg,GPE
Angiolini_DK,1801–1803,CARDINAL
Angiolini_DK,General Procurator of the Society of Jesus,ORG
Angiolini_DK,1803–1816,CARDINAL
Angiolini_DK,Polatsk Jesuit Collegium,PERSON
Angiolini_DK,Блинова,PERSON
Angiolini_DK,Иезуиты,GPE
Angiolini_DK,Беларуси,GPE
Angiolini_DK,Я. Купалы,PERSON
Angiolini_DK,2002,DATE
Angiolini_DK,Инглот,PERSON
Angiolini_DK,S.J.,ORG
Angiolini_DK,Иисуса в,PERSON
Angiolini_DK,1772–1820,CARDINAL
Angiolini_DK,Ордена,ORG
Angiolini_DK,Св,GPE
Angiolini_DK,2004,DATE
Angiolini_DK,Pierling,ORG
Angiolini_DK,Paul,PERSON
Angiolini_DK,La Russie,PERSON
Angiolini_DK,le Saint-Siège,FAC
Angiolini_DK,5,CARDINAL
Angiolini_DK,Catherine II,PERSON
Angiolini_DK,Paul I. Alexandre,PERSON
Angiolini_DK,Paris,GPE
Angiolini_DK,Plon-Nourrit,ORG
Angiolini_DK,"Cie, 1912",ORG
Angiolini_DK,"Zalenski, Stanislaw, P.,",WORK_OF_ART
Angiolini_DK,S.J.,ORG
Angiolini_DK,Les Jésuites de la Russie Blanche,PERSON
Angiolini_DK,2,CARDINAL
Angiolini_DK,traduit du polonais par,ORG
Angiolini_DK,Vivier de la même Compagnie,PERSON
Angiolini_DK,Paris,GPE
Angiolini_DK,Letouzey et Ané,PERSON
Angiolini_DK,1886,DATE
Angiolini_DK,Dzianis Kandakou,PERSON
Antonovich_LP - OK,Pisarevka,PERSON
Antonovich_LP - OK,Sloboda Ukraine,PERSON
Antonovich_LP - OK,the Church of the Intercession at Pisarevka,ORG
Antonovich_LP - OK,1759,DATE
Antonovich_LP - OK,the Kharkiv Collegium,FAC
Antonovich_LP - OK,four-year,DATE
Antonovich_LP - OK,Latin,NORP
Antonovich_LP - OK,the Kharkiv Collegium,FAC
Antonovich_LP - OK,1771,DATE
Antonovich_LP - OK,Latin,NORP
Antonovich_LP - OK,the 1770s,DATE
Antonovich_LP - OK,more than 400,CARDINAL
Antonovich_LP - OK,the Kharkiv Collegium,FAC
Antonovich_LP - OK,several dozen,CARDINAL
Antonovich_LP - OK,Antonovich,PERSON
Antonovich_LP - OK,Kharkov Collegium,FAC
Antonovich_LP - OK,Cossack,ORG
Antonovich_LP - OK,Antonovich,PERSON
Antonovich_LP - OK,During Antonovich,PERSON
Antonovich_LP - OK,Latin,NORP
Antonovich_LP - OK,the Kharkiv Collegium,FAC
Antonovich_LP - OK,1769,DATE
Antonovich_LP - OK,Bishop Samuil,ORG
Antonovich_LP - OK,Belgorod,ORG
Antonovich_LP - OK,Collegium,FAC
Antonovich_LP - OK,Latin,NORP
Antonovich_LP - OK,Christoph Cellarius,PERSON
Antonovich_LP - OK,Johann Matthias Gesner’s,PERSON
Antonovich_LP - OK,Moscow University,ORG
Antonovich_LP - OK,1762,DATE
Antonovich_LP - OK,Alvarez,PERSON
Antonovich_LP - OK,the Kharkiv Collegium,FAC
Antonovich_LP - OK,the first half of the 18th century,DATE
Antonovich_LP - OK,Samuil Mislavsky,PERSON
Antonovich_LP - OK,Johann Joachim Lange’s,PERSON
Antonovich_LP - OK,Samuil Mislavsky,PERSON
Antonovich_LP - OK,Russian,NORP
Antonovich_LP - OK,Samuil Mislavsky,PERSON
Antonovich_LP - OK,Reasonable,WORK_OF_ART
Antonovich_LP - OK,P. Semionov,PERSON
Antonovich_LP - OK,Товарищ,PERSON
Antonovich_LP - OK,Собрание,PERSON
Antonovich_LP - OK,хороших слов,PERSON
Antonovich_LP - OK,разумных замыслов,PERSON
Antonovich_LP - OK,учтивых насмешек,PERSON
Antonovich_LP - OK,приятных приключений знатных мужей,ORG
Antonovich_LP - OK,Moscow,GPE
Antonovich_LP - OK,1787,DATE
Antonovich_LP - OK,Kharkiv Collegium,ORG
Antonovich_LP - OK,Samuil Mislavsky,PERSON
Antonovich_LP - OK,1769,DATE
Antonovich_LP - OK,Collegium,FAC
Antonovich_LP - OK,Cellarius,PERSON
Antonovich_LP - OK,Lange,PERSON
Antonovich_LP - OK,ten,CARDINAL
Antonovich_LP - OK,Halle,GPE
Antonovich_LP - OK,Ланге,ORG
Antonovich_LP - OK,Иоахим,GPE
Antonovich_LP - OK,Школьные,GPE
Antonovich_LP - OK,Мартин Шванвиц,PERSON
Antonovich_LP - OK,"Lange, Joachim, School Dialogues",ORG
Antonovich_LP - OK,Latin,LANGUAGE
Antonovich_LP - OK,Russian,NORP
Antonovich_LP - OK,Martin Schwanwitz,PERSON
Antonovich_LP - OK,St. Petersburg,GPE
Antonovich_LP - OK,Gedr,PERSON
Antonovich_LP - OK,Kayserl,PERSON
Antonovich_LP - OK,Acad,PERSON
Antonovich_LP - OK,der Wissenschaften,PERSON
Antonovich_LP - OK,1750,DATE
Antonovich_LP - OK,"Целларий, Христофор",ORG
Antonovich_LP - OK,Краткая,NORP
Antonovich_LP - OK,Сочиненная,ORG
Antonovich_LP - OK,Исправленная,PERSON
Antonovich_LP - OK,Геснером,ORG
Antonovich_LP - OK,Московском университете,PERSON
Antonovich_LP - OK,Cellarius,PERSON
Antonovich_LP - OK,Cellarius,PERSON
Antonovich_LP - OK,Gesner,PERSON
Antonovich_LP - OK,German,NORP
Antonovich_LP - OK,Russian,NORP
Antonovich_LP - OK,Anton Barsov,PERSON
Antonovich_LP - OK,the Imperial Moscow University,ORG
Antonovich_LP - OK,Moscow,GPE
Antonovich_LP - OK,University Printing House,ORG
Antonovich_LP - OK,1762,DATE
Antonovich_LP - OK,Lange,ORG
Antonovich_LP - OK,Joachimi Langii Tirocinium,PERSON
Antonovich_LP - OK,Francofurti ad Moenum,WORK_OF_ART
Antonovich_LP - OK,Frankfurt,GPE
Antonovich_LP - OK,1739,DATE
Antonovich_LP - OK,Lange,ORG
Antonovich_LP - OK,Joachimi Langii Colloquia,PERSON
Antonovich_LP - OK,1717,DATE
Antonovich_LP - OK,Thesaurus Linguae Latinae,PERSON
Antonovich_LP - OK,IV,GPE
Antonovich_LP - OK,Tomos Divisus,PERSON
Antonovich_LP - OK,Londinensem Editionem,PERSON
Antonovich_LP - OK,Basileae Thurnis,PERSON
Antonovich_LP - OK,1740,DATE
Antonovich_LP - OK,Центральний,GPE
Antonovich_LP - OK,України,GPE
Antonovich_LP - OK,op.1,GPE
Antonovich_LP - OK,ark.1,ORG
Antonovich_LP - OK,spr.2145,GPE
Antonovich_LP - OK,ark,GPE
Antonovich_LP - OK,13-14,CARDINAL
Antonovich_LP - OK,27,DATE
Antonovich_LP - OK,Посохова,PERSON
Antonovich_LP - OK,України,GPE
Antonovich_LP - OK,ХІХ ст.,ORG
Antonovich_LP - OK,Kharkiv,PERSON
Antonovich_LP - OK,2011,DATE
Antonovich_LP - OK,pp,GPE
Antonovich_LP - OK,56-63,CARDINAL
Antonovich_LP - OK,Liudmila Posokhova,PERSON
Asum_DK - excluded,Azum,PERSON
Asum_DK - excluded,1784-07-19 – 1847-04-14,DATE
Asum_DK - excluded,Linz,ORG
Asum_DK - excluded,Catholic,NORP
Asum_DK - excluded,the Russian Empire,GPE
Asum_DK - excluded,1803,DATE
Asum_DK - excluded,the Society of Jesus,ORG
Asum_DK - excluded,July 17th,DATE
Asum_DK - excluded,Dünaburg,GPE
Asum_DK - excluded,one year,DATE
Asum_DK - excluded,Dünaburg,GPE
Asum_DK - excluded,Daugavpils,ORG
Asum_DK - excluded,the Orsha Jesuit Collegium,ORG
Asum_DK - excluded,1804–1805,CARDINAL
Asum_DK - excluded,1805–1807,CARDINAL
Asum_DK - excluded,the Polatsk Jesuit Collegium,ORG
Asum_DK - excluded,four years,DATE
Asum_DK - excluded,1807–1811,CARDINAL
Asum_DK - excluded,German,NORP
Asum_DK - excluded,German,NORP
Asum_DK - excluded,Latin,LANGUAGE
Asum_DK - excluded,the Polatsk Collegium,FAC
Asum_DK - excluded,Saint Petersburg Collegium Nobilium,ORG
Asum_DK - excluded,German,NORP
Asum_DK - excluded,1811,DATE
Asum_DK - excluded,December 1815,DATE
Asum_DK - excluded,Mahilyow,ORG
Asum_DK - excluded,a year and a half,DATE
Asum_DK - excluded,Collegium,FAC
Asum_DK - excluded,1817,DATE
Asum_DK - excluded,Mstsislaw,LOC
Asum_DK - excluded,German,NORP
Asum_DK - excluded,Collegium,FAC
Asum_DK - excluded,two years,DATE
Asum_DK - excluded,1819,DATE
Asum_DK - excluded,Saratov,ORG
Asum_DK - excluded,Order,ORG
Asum_DK - excluded,Kamenka,GPE
Asum_DK - excluded,1820,DATE
Asum_DK - excluded,the Society of Jesus,ORG
Asum_DK - excluded,the Russian Empire,GPE
Asum_DK - excluded,the Society of Jesus,ORG
Asum_DK - excluded,Russia,GPE
Asum_DK - excluded,Galicia,PERSON
Asum_DK - excluded,nine years,DATE
Asum_DK - excluded,1820,DATE
Asum_DK - excluded,Latin,LANGUAGE
Asum_DK - excluded,the Ternopil Jesuit Collegium,FAC
Asum_DK - excluded,the year 1829 to 1830,DATE
Asum_DK - excluded,first,ORDINAL
Asum_DK - excluded,second,ORDINAL
Asum_DK - excluded,Gleisdorf,ORG
Asum_DK - excluded,Austria,GPE
Asum_DK - excluded,Jesuit,NORP
Asum_DK - excluded,Graz,GPE
Asum_DK - excluded,1831,DATE
Asum_DK - excluded,Polatsk Jesuit Collegium,ORG
Asum_DK - excluded,Mstsislaw Jesuit Collegium,ORG
Asum_DK - excluded,Viazemsky Piotr Andreyevich,PERSON
Asum_DK - excluded,Golitsyn Alexey Alexeyevich,PERSON
Asum_DK - excluded,Stroganov Valentin Alexandrovich,PERSON
Asum_DK - excluded,Stroganov,PERSON
Asum_DK - excluded,Andrey Alexandrovich,PERSON
Asum_DK - excluded,Komarovsky Yegor Evstafyevich,PERSON
Asum_DK - excluded,Novosiltsev Vladimir Dmitrievich,PERSON
Asum_DK - excluded,Scholastic,NORP
Asum_DK - excluded,Grammatyka,PERSON
Asum_DK - excluded,w którey,PERSON
Asum_DK - excluded,rozmowy,GPE
Asum_DK - excluded,krótkie powieści,PERSON
Asum_DK - excluded,słowa w tey grammatyce zawarte,PERSON
Asum_DK - excluded,Połock,PERSON
Asum_DK - excluded,Collegii Societatis Jesu,PERSON
Asum_DK - excluded,1801,DATE
Asum_DK - excluded,Lehrreiche Gedanken,PERSON
Asum_DK - excluded,Begebenheiten zur Bildung,PERSON
Asum_DK - excluded,Herzens,GPE
Asum_DK - excluded,der,NORP
Asum_DK - excluded,Jugend von Matthias Schönberg,PERSON
Asum_DK - excluded,G.J.,GPE
Asum_DK - excluded,1802,DATE
Asum_DK - excluded,München,GPE
Asum_DK - excluded,1771,DATE
Asum_DK - excluded,Блинова,PERSON
Asum_DK - excluded,Иезуиты,GPE
Asum_DK - excluded,Беларуси,GPE
Asum_DK - excluded,Я. Купалы,PERSON
Asum_DK - excluded,2002,DATE
Asum_DK - excluded,Инглот,PERSON
Asum_DK - excluded,S.J.,ORG
Asum_DK - excluded,Иисуса в,PERSON
Asum_DK - excluded,1772–1820,CARDINAL
Asum_DK - excluded,Ордена,ORG
Asum_DK - excluded,Св,GPE
Asum_DK - excluded,2004,DATE
Asum_DK - excluded,Societatis Jesu,PERSON
Asum_DK - excluded,Imperio Rossiaco,PERSON
Asum_DK - excluded,Polociae,NORP
Asum_DK - excluded,1804–1819,CARDINAL
Asum_DK - excluded,Catalogi,PERSON
Asum_DK - excluded,Provinciae Gallicianae Societatis Jesu,PERSON
Asum_DK - excluded,1821–1832,CARDINAL
Asum_DK - excluded,mandati,GPE
Asum_DK - excluded,Cracoviae,PERSON
Asum_DK - excluded,Giżycki,PERSON
Asum_DK - excluded,Jan Marek,PERSON
Asum_DK - excluded,Akademii Połockiej,PERSON
Asum_DK - excluded,Kraków,PERSON
Asum_DK - excluded,W.L. Anczyc,PERSON
Asum_DK - excluded,1905,DATE
Asum_DK - excluded,Rouët de Journel Marie-Joseph,ORG
Asum_DK - excluded,Paris,GPE
Asum_DK - excluded,Perrin,GPE
Asum_DK - excluded,1922,DATE
Asum_DK - excluded,Dzianis Kandakou,PERSON
Barluy_LP,Russian Empire,GPE
Barluy_LP,Elementary Latin,PERSON
Barluy_LP,Latin,NORP
Barluy_LP,P. Barluy,PERSON
Barluy_LP,the Pereiaslav Collegium,FAC
Barluy_LP,1768–1769,CARDINAL
Barluy_LP,Pereiaslav Collegium,PERSON
Barluy_LP,1768–1769,CARDINAL
Barluy_LP,the end of the 1760s,DATE
Barluy_LP,more than 160,CARDINAL
Barluy_LP,the Pereiaslav Collegium,FAC
Barluy_LP,Several dozen,CARDINAL
Barluy_LP,Peter Barluy,PERSON
Barluy_LP,the Pereiaslav Collegium,FAC
Barluy_LP,Cossack,ORG
Barluy_LP,Latin,NORP
Barluy_LP,first,ORDINAL
Barluy_LP,Peter Barluy,PERSON
Barluy_LP,Jesuit,NORP
Barluy_LP,Orthodox,NORP
Barluy_LP,Peter Barluy,PERSON
Barluy_LP,Peter Barluy,PERSON
Barluy_LP,the Pereiaslav Collegium,FAC
Barluy_LP,Latin,NORP
Barluy_LP,Emmanuel Alvarez “De institutione Grammatica,PERSON
Barluy_LP,Johann Joachim Lange,PERSON
Barluy_LP,Collegium,PRODUCT
Barluy_LP,the Pereiaslav Collegium,FAC
Barluy_LP,Collegium,FAC
Barluy_LP,years,DATE
Barluy_LP,troparia,PERSON
Barluy_LP,Latin,NORP
Barluy_LP,Gospel,PERSON
Barluy_LP,Sebastian Castellio’s,PERSON
Barluy_LP,Cicero,ORG
Barluy_LP,Epictetus,ORG
Barluy_LP,Aesop,GPE
Barluy_LP,Thales,ORG
Barluy_LP,Western European,NORP
Barluy_LP,Cornelius Nepos,ORG
Barluy_LP,Alvarez,PERSON
Barluy_LP,Emmanuel,PERSON
Barluy_LP,Emmanuelis Alvari,PERSON
Barluy_LP,De Institutione Grammatica,PERSON
Barluy_LP,Nicolaum Henricum,ORG
Barluy_LP,Samuilis Maderi,PERSON
Barluy_LP,1625,DATE
Barluy_LP,Ланге,ORG
Barluy_LP,Иоахим,GPE
Barluy_LP,Школьные,GPE
Barluy_LP,Мартин Шванвиц,PERSON
Barluy_LP,"Lange, Joachim, School Dialogues",ORG
Barluy_LP,Latin,LANGUAGE
Barluy_LP,Russian,NORP
Barluy_LP,Martin Schwanwitz,PERSON
Barluy_LP,St. Petersburg,GPE
Barluy_LP,Gedr,PERSON
Barluy_LP,Kayserl,PERSON
Barluy_LP,Acad,PERSON
Barluy_LP,der Wissenschaften,PERSON
Barluy_LP,1750,DATE
Barluy_LP,Lange,ORG
Barluy_LP,Joachimi Langii Tirocinium,PERSON
Barluy_LP,Francofurti ad Moenum,WORK_OF_ART
Barluy_LP,Frankfurt,GPE
Barluy_LP,1739,DATE
Barluy_LP,Lange,ORG
Barluy_LP,Joachimi Langii Colloquia,PERSON
Barluy_LP,1717,DATE
Barluy_LP,Центральний,GPE
Barluy_LP,України,GPE
Barluy_LP,op.1,GPE
Barluy_LP,641,CARDINAL
Barluy_LP,України,GPE
Barluy_LP,ХІХ ст.,ORG
Barluy_LP,Kharkiv,PERSON
Barluy_LP,2011,DATE
Barluy_LP,pp,GPE
Barluy_LP,56-63,CARDINAL
Barluy_LP,Liudmila Posokhova,PERSON
Basmanov_LP - excluded,1785,DATE
Basmanov_LP - excluded,Russian Empire,GPE
Basmanov_LP - excluded,first,ORDINAL
Basmanov_LP - excluded,the Kharkiv Collegium,FAC
Basmanov_LP - excluded,between 1797 and 1803,DATE
Basmanov_LP - excluded,the Kyiv-Mohyla Academy,FAC
Basmanov_LP - excluded,1804–1807,CARDINAL
Basmanov_LP - excluded,Latin,NORP
Basmanov_LP - excluded,Ancient Greek,ORG
Basmanov_LP - excluded,German,NORP
Basmanov_LP - excluded,1807,DATE
Basmanov_LP - excluded,Timofei Basmanov,ORG
Basmanov_LP - excluded,the Kharkiv Collegium,FAC
Basmanov_LP - excluded,Ancient Greek,ORG
Basmanov_LP - excluded,German,NORP
Basmanov_LP - excluded,1810,DATE
Basmanov_LP - excluded,the beginning of the 19th century,DATE
Basmanov_LP - excluded,more than 600,CARDINAL
Basmanov_LP - excluded,the Kharkiv Collegium,FAC
Basmanov_LP - excluded,1808,DATE
Basmanov_LP - excluded,84,CARDINAL
Basmanov_LP - excluded,Timofei Basmanov,ORG
Basmanov_LP - excluded,Latin,LANGUAGE
Basmanov_LP - excluded,That year,DATE
Basmanov_LP - excluded,Ancient Greek,ORG
Basmanov_LP - excluded,77,CARDINAL
Basmanov_LP - excluded,German,NORP
Basmanov_LP - excluded,several dozen,CARDINAL
Basmanov_LP - excluded,the Kharkiv Collegium,FAC
Basmanov_LP - excluded,Cossack,ORG
Basmanov_LP - excluded,1808,DATE
Basmanov_LP - excluded,22,CARDINAL
Basmanov_LP - excluded,84,CARDINAL
Basmanov_LP - excluded,Timofei Basmanov,ORG
Basmanov_LP - excluded,Basmanov,PERSON
Basmanov_LP - excluded,Latin,NORP
Basmanov_LP - excluded,the beginning of the 19th century,DATE
Basmanov_LP - excluded,Ancient Greek,ORG
Basmanov_LP - excluded,German,NORP
Basmanov_LP - excluded,the Kharkiv Collegium,FAC
Basmanov_LP - excluded,two-year,DATE
Basmanov_LP - excluded,Timofei Basmanov,PERSON
Basmanov_LP - excluded,the Kharkiv Collegium,FAC
Basmanov_LP - excluded,Latin,NORP
Basmanov_LP - excluded,Christoph Cellarius,PERSON
Basmanov_LP - excluded,Grammar,PERSON
Basmanov_LP - excluded,Johann Joachim Lange’s,PERSON
Basmanov_LP - excluded,Collegium,FAC
Basmanov_LP - excluded,Collegium,FAC
Basmanov_LP - excluded,the beginning of the 19th century,DATE
Basmanov_LP - excluded,troparia,PERSON
Basmanov_LP - excluded,Latin,NORP
Basmanov_LP - excluded,Gospel,PERSON
Basmanov_LP - excluded,Sebastian Castellio’s,PERSON
Basmanov_LP - excluded,Cicero,ORG
Basmanov_LP - excluded,Epictetus,ORG
Basmanov_LP - excluded,Aesop,GPE
Basmanov_LP - excluded,Thales,ORG
Basmanov_LP - excluded,Western European,NORP
Basmanov_LP - excluded,Cornelius Nepos,ORG
Basmanov_LP - excluded,Kharkiv Collegium,ORG
Basmanov_LP - excluded,Collegium,FAC
Basmanov_LP - excluded,Latin,NORP
Basmanov_LP - excluded,the “School Dialogues,PRODUCT
Basmanov_LP - excluded,Collegium,FAC
Basmanov_LP - excluded,Kharkiv Collegium,ORG
Basmanov_LP - excluded,Timofei Basmanov,ORG
Basmanov_LP - excluded,the Ancient Greek,ORG
Basmanov_LP - excluded,Varlaam Liaschevsky,PERSON
Basmanov_LP - excluded,Latin-Greek,NORP
Basmanov_LP - excluded,Collegium,FAC
Basmanov_LP - excluded,Kharkiv Collegium,ORG
Basmanov_LP - excluded,Latin,LANGUAGE
Basmanov_LP - excluded,Greek,NORP
Basmanov_LP - excluded,Aesop,PERSON
Basmanov_LP - excluded,Ephrem,PERSON
Basmanov_LP - excluded,Syrian,NORP
Basmanov_LP - excluded,John Chrysostom,PERSON
Basmanov_LP - excluded,German,NORP
Basmanov_LP - excluded,Timofei Basmanov,ORG
Basmanov_LP - excluded,German,NORP
Basmanov_LP - excluded,Collegium,PRODUCT
Basmanov_LP - excluded,Belgorod,ORG
Basmanov_LP - excluded,Варлаам,PERSON
Basmanov_LP - excluded,Греческая,PERSON
Basmanov_LP - excluded,которой синтаксис,PERSON
Basmanov_LP - excluded,В. Петровым,PERSON
Basmanov_LP - excluded,St. Petersburg,GPE
Basmanov_LP - excluded,Imperial Academy of Sciences,ORG
Basmanov_LP - excluded,1788,DATE
Basmanov_LP - excluded,Вейсман,PERSON
Basmanov_LP - excluded,Э.,PERSON
Basmanov_LP - excluded,Немецко,ORG
Basmanov_LP - excluded,Академии,GPE
Basmanov_LP - excluded,St. Petersburg,GPE
Basmanov_LP - excluded,Gedr,PERSON
Basmanov_LP - excluded,Kayserl,PERSON
Basmanov_LP - excluded,Acad,PERSON
Basmanov_LP - excluded,Wissenschafften Buchdruckerey,PERSON
Basmanov_LP - excluded,1731,DATE
Basmanov_LP - excluded,Ланге,ORG
Basmanov_LP - excluded,Иоахим,GPE
Basmanov_LP - excluded,Школьные,GPE
Basmanov_LP - excluded,Мартин Шванвиц,PERSON
Basmanov_LP - excluded,Moscow,GPE
Basmanov_LP - excluded,University Printing House,ORG
Basmanov_LP - excluded,1785,DATE
Basmanov_LP - excluded,Поликарпов-Орлов,ORG
Basmanov_LP - excluded,Лексикон,ORG
Basmanov_LP - excluded,Moscow,GPE
Basmanov_LP - excluded,Synodal Printing House,ORG
Basmanov_LP - excluded,1704,DATE
Basmanov_LP - excluded,"Целларий, Христофор",ORG
Basmanov_LP - excluded,Краткая,NORP
Basmanov_LP - excluded,Сочиненная,ORG
Basmanov_LP - excluded,Исправленная,PERSON
Basmanov_LP - excluded,Геснером,ORG
Basmanov_LP - excluded,Московском университете,PERSON
Basmanov_LP - excluded,Антоном Барсовым,PERSON
Basmanov_LP - excluded,Moscow,GPE
Basmanov_LP - excluded,University Printing House,ORG
Basmanov_LP - excluded,1771,DATE
Basmanov_LP - excluded,"Целларий, Христофор,",ORG
Basmanov_LP - excluded,Христофора Целлария Краткой,PERSON
Basmanov_LP - excluded,St. Petersburg,GPE
Basmanov_LP - excluded,Imperial Academy of Sciences,ORG
Basmanov_LP - excluded,1768,DATE
Basmanov_LP - excluded,Lange,ORG
Basmanov_LP - excluded,Joachimi Langii Tirocinium,PERSON
Basmanov_LP - excluded,Francofurti ad Moenum,WORK_OF_ART
Basmanov_LP - excluded,Frankfurt,GPE
Basmanov_LP - excluded,1739,DATE
Basmanov_LP - excluded,Lange,ORG
Basmanov_LP - excluded,Joachimi Langii Colloquia,PERSON
Basmanov_LP - excluded,1717,DATE
Basmanov_LP - excluded,Łaszczewski,PERSON
Basmanov_LP - excluded,Warłaam,GPE
Basmanov_LP - excluded,Institutionum Linguae,ORG
Basmanov_LP - excluded,Liber,PERSON
Basmanov_LP - excluded,Utilissimis Regulis,PERSON
Basmanov_LP - excluded,Cum Aliis,PERSON
Basmanov_LP - excluded,Solidiorem Huius,PERSON
Basmanov_LP - excluded,Sacri Idiomatis,PERSON
Basmanov_LP - excluded,Cognitionem Observationibus,PERSON
Basmanov_LP - excluded,Non Solum ad Rectam Vocum Synthesin,PERSON
Basmanov_LP - excluded,Sed Etiam,PERSON
Basmanov_LP - excluded,Conficiendum Metrum Graecum Pernecessariis / Ex Variis Auctoribus Collectis,FAC
Basmanov_LP - excluded,Latino Instructus Et Exhibitus,ORG
Basmanov_LP - excluded,Academia Kijowomohyłozaborowsciana,ORG
Basmanov_LP - excluded,Wratislaviae,ORG
Basmanov_LP - excluded,Apud Johannem,PERSON
Basmanov_LP - excluded,Jacobum Korn,PERSON
Basmanov_LP - excluded,1746,DATE
Basmanov_LP - excluded,Thesaurus Linguae Latinae,PERSON
Basmanov_LP - excluded,IV,GPE
Basmanov_LP - excluded,Tomos Divisus,PERSON
Basmanov_LP - excluded,Londinensem Editionem,PERSON
Basmanov_LP - excluded,Basileae Thurnis,PERSON
Basmanov_LP - excluded,1740,DATE
Basmanov_LP - excluded,Russian,NORP
Basmanov_LP - excluded,St. Petersburg,GPE
Basmanov_LP - excluded,802,CARDINAL
Basmanov_LP - excluded,1,CARDINAL
Basmanov_LP - excluded,106,CARDINAL
Basmanov_LP - excluded,9,CARDINAL
Basmanov_LP - excluded,4.,CARDINAL
Basmanov_LP - excluded,Посохова,PERSON
Basmanov_LP - excluded,України,GPE
Basmanov_LP - excluded,ХІХ ст.,ORG
Basmanov_LP - excluded,Kharkiv,PERSON
Basmanov_LP - excluded,2011,DATE
Basmanov_LP - excluded,pp.56,GPE
Basmanov_LP - excluded,73-74,DATE
Basmanov_LP - excluded,115–118,CARDINAL
Basmanov_LP - excluded,Liudmila Posokhova,PERSON
Bazilevich_LP,Monastic,NORP
Bazilevich_LP,1723-10-31,DATE
Bazilevich_LP,Boromlia,GPE
Bazilevich_LP,the Akhtyrsky Regiment,ORG
Bazilevich_LP,Russian Empire,GPE
Bazilevich_LP,1776-05-02,DATE
Bazilevich_LP,Pereiaslav,GPE
Bazilevich_LP,Russian Empire,GPE
Bazilevich_LP,Bazilevich,GPE
Bazilevich_LP,One,CARDINAL
Bazilevich_LP,Vasily,GPE
Bazilevich_LP,two,CARDINAL
Bazilevich_LP,Piotr and Pavel,ORG
Bazilevich_LP,first,ORDINAL
Bazilevich_LP,the Kharkiv Collegium,FAC
Bazilevich_LP,the Kyiv-Mohyla Academy,FAC
Bazilevich_LP,Ancient Greek,PERSON
Bazilevich_LP,Ancient Hebrew,PERSON
Bazilevich_LP,the Kyiv Academy,ORG
Bazilevich_LP,Bazilevich,PERSON
Bazilevich_LP,1752 to 1770,DATE
Bazilevich_LP,the Kharkiv Collegium,FAC
Bazilevich_LP,1763,DATE
Bazilevich_LP,1752–1755,DATE
Bazilevich_LP,Ancient Greek,ORG
Bazilevich_LP,Ancient Hebrew,PERSON
Bazilevich_LP,Collegium,FAC
Bazilevich_LP,first,ORDINAL
Bazilevich_LP,Ancient Hebrew,PRODUCT
Bazilevich_LP,Collegium,FAC
Bazilevich_LP,second,ORDINAL
Bazilevich_LP,Iakinf Karpinsky,PERSON
Bazilevich_LP,Ancient Greek,ORG
Bazilevich_LP,1755–1759,DATE
Bazilevich_LP,1759–1770,CARDINAL
Bazilevich_LP,1770,DATE
Bazilevich_LP,the Znamensky Monastery,ORG
Bazilevich_LP,Kursk,PRODUCT
Bazilevich_LP,31 October 1770,DATE
Bazilevich_LP,Bishop,ORG
Bazilevich_LP,Pereiaslav,ORG
Bazilevich_LP,Boryspil,PERSON
Bazilevich_LP,Bishop,ORG
Bazilevich_LP,Pereiaslav,GPE
Bazilevich_LP,Iov Bazilevich,PERSON
Bazilevich_LP,Firstly,ORDINAL
Bazilevich_LP,Collegium,FAC
Bazilevich_LP,Secondly,ORDINAL
Bazilevich_LP,Collegium,FAC
Bazilevich_LP,Iov Bazilevich,PERSON
Bazilevich_LP,the Kharkiv Collegium,WORK_OF_ART
Bazilevich_LP,Collegium,FAC
Bazilevich_LP,Kharkiv Collegium,PERSON
Bazilevich_LP,1752–1770,CARDINAL
Bazilevich_LP,about 400,CARDINAL
Bazilevich_LP,the Kharkiv Collegium,FAC
Bazilevich_LP,the 1759/1760 academic year,DATE
Bazilevich_LP,472,CARDINAL
Bazilevich_LP,Iov Bazilevich,PERSON
Bazilevich_LP,Ancient Greek,ORG
Bazilevich_LP,Ancient Hebrew,ORG
Bazilevich_LP,7–10,CARDINAL
Bazilevich_LP,the Kharkiv Collegium,FAC
Bazilevich_LP,Cossack,ORG
Bazilevich_LP,Iov Bazilevich,PERSON
Bazilevich_LP,Collegium,FAC
Bazilevich_LP,Bishop,ORG
Bazilevich_LP,Belgorod Samuil,PERSON
Bazilevich_LP,1769,DATE
Bazilevich_LP,Iov Bazilevich,PERSON
Bazilevich_LP,Iov Bazilevich,PERSON
Bazilevich_LP,Greek,NORP
Bazilevich_LP,Greek,NORP
Bazilevich_LP,two years,DATE
Bazilevich_LP,Instructions,ORG
Bazilevich_LP,Greek,NORP
Bazilevich_LP,Ancient Greek,ORG
Bazilevich_LP,Varlaam Liaschevsky,PERSON
Bazilevich_LP,first,ORDINAL
Bazilevich_LP,two,CARDINAL
Bazilevich_LP,Gospel,PERSON
Bazilevich_LP,Epistles,PERSON
Bazilevich_LP,Greek,NORP
Bazilevich_LP,the second year,DATE
Bazilevich_LP,Greek,NORP
Bazilevich_LP,Cornelius Schrevelius,ORG
Bazilevich_LP,the Kharkiv Collegium,ORG
Bazilevich_LP,Latin,LANGUAGE
Bazilevich_LP,Greek,NORP
Bazilevich_LP,Greek,NORP
Bazilevich_LP,Latin,LANGUAGE
Bazilevich_LP,Jesuit,NORP
Bazilevich_LP,Collegiums,ORG
Bazilevich_LP,Collegium,PRODUCT
Bazilevich_LP,Greek,NORP
Bazilevich_LP,Aesop,PERSON
Bazilevich_LP,Ephrem,PERSON
Bazilevich_LP,Syrian,NORP
Bazilevich_LP,John Chrysostom,PERSON
Bazilevich_LP,Ancient Greek,ORG
Bazilevich_LP,Modern Greek,LOC
Bazilevich_LP,Ancient Greek,ORG
Bazilevich_LP,Ancient Hebrew,PRODUCT
Bazilevich_LP,Iov Bazilevich,PERSON
Bazilevich_LP,Ancient,ORG
Bazilevich_LP,Hebrew,LANGUAGE
Bazilevich_LP,Latin,LANGUAGE
Bazilevich_LP,Jesuit,NORP
Bazilevich_LP,Collegium,FAC
Bazilevich_LP,1753,DATE
Bazilevich_LP,Iov Bazilevich,PERSON
Bazilevich_LP,Latin,LANGUAGE
Bazilevich_LP,Ancient Greek,ORG
Bazilevich_LP,Ancient Hebrew,ORG
Bazilevich_LP,Pereiaslav Collegium,PERSON
Bazilevich_LP,Поликарпов-Орлов,ORG
Bazilevich_LP,Лексикон,ORG
Bazilevich_LP,Мoscow,ORG
Bazilevich_LP,Synodal Printing House,ORG
Bazilevich_LP,1704,DATE
Bazilevich_LP,M. Balthasari Garthii,PERSON
Bazilevich_LP,Lexicon Latinograecum,ORG
Bazilevich_LP,Helvico Garthio,PERSON
Bazilevich_LP,Hassiae,PERSON
Bazilevich_LP,Erphordiae,ORG
Bazilevich_LP,Johannis Episcopii,PERSON
Bazilevich_LP,1625,DATE
Bazilevich_LP,Castell,ORG
Bazilevich_LP,Lexicon,GPE
Bazilevich_LP,Hebraicum,GPE
Bazilevich_LP,Samaritanum,GPE
Bazilevich_LP,Aethiopicum,PERSON
Bazilevich_LP,Arabicum,PERSON
Bazilevich_LP,Persicum,GPE
Bazilevich_LP,Grammaticae,PERSON
Bazilevich_LP,Edmundo Castello,PERSON
Bazilevich_LP,Londini,PERSON
Bazilevich_LP,London,GPE
Bazilevich_LP,Thomas Roycroft,PERSON
Bazilevich_LP,1669,DATE
Bazilevich_LP,Łaszczewski,PERSON
Bazilevich_LP,WarŁaam,GPE
Bazilevich_LP,Institutionum Linguae,ORG
Bazilevich_LP,Liber,PERSON
Bazilevich_LP,Utilissimis Regulis,PERSON
Bazilevich_LP,Cum Aliis,PERSON
Bazilevich_LP,Solidiorem Huius,PERSON
Bazilevich_LP,Sacri Idiomatis,PERSON
Bazilevich_LP,Cognitionem Observationibus,PERSON
Bazilevich_LP,Non Solum ad Rectam Vocum Synthesin,PERSON
Bazilevich_LP,Sed Etiam,PERSON
Bazilevich_LP,Conficiendum Metrum Graecum Pernecessariis / Ex Variis Auctoribus Collectis,FAC
Bazilevich_LP,Latino Instructus Et Exhibitus,ORG
Bazilevich_LP,Academia Kijowomohyłozaborowsciana,ORG
Bazilevich_LP,Wratislaviae,ORG
Bazilevich_LP,Apud Johannem,PERSON
Bazilevich_LP,Jacobum Korn,PERSON
Bazilevich_LP,1746,DATE
Bazilevich_LP,Schrevelius,ORG
Bazilevich_LP,Schrevelii Lexicon,ORG
Bazilevich_LP,Graeco-Latinum et Latino-Graecum,ORG
Bazilevich_LP,quinta,GPE
Bazilevich_LP,adjecta,PERSON
Bazilevich_LP,Sententiae Graeco-Latinae,PERSON
Bazilevich_LP,Item Tractatus,PERSON
Bazilevich_LP,De articulis,PERSON
Bazilevich_LP,Lugduni Batavorum,ORG
Bazilevich_LP,Hackiana,ORG
Bazilevich_LP,1670,DATE
Bazilevich_LP,Scapula,PERSON
Bazilevich_LP,Johann,PERSON
Bazilevich_LP,Lexicon,GPE
Bazilevich_LP,quam alphabetico,PERSON
Bazilevich_LP,Scapulae,GPE
Bazilevich_LP,Basileae,GPE
Bazilevich_LP,Sebastianum Henricpetri,PERSON
Bazilevich_LP,1594,DATE
Bazilevich_LP,Центральної,PERSON
Bazilevich_LP,В. Н. Каразіна,PERSON
Bazilevich_LP,Спр,PERSON
Bazilevich_LP,1817,DATE
Bazilevich_LP,895,CARDINAL
Bazilevich_LP,5,CARDINAL
Bazilevich_LP,8,CARDINAL
Bazilevich_LP,13,DATE
Bazilevich_LP,19,CARDINAL
Bazilevich_LP,Центральний,GPE
Bazilevich_LP,України,GPE
Bazilevich_LP,1973,DATE
Bazilevich_LP,1,CARDINAL
Bazilevich_LP,Спр,PERSON
Bazilevich_LP,1484,DATE
Bazilevich_LP,1,CARDINAL
Bazilevich_LP,Войтков,PERSON
Bazilevich_LP,Иов Базилевич,ORG
Bazilevich_LP,Польской Украйны,PERSON
Bazilevich_LP,1771–1776,DATE
Bazilevich_LP,Киевской,PERSON
Bazilevich_LP,1903,DATE
Bazilevich_LP,pp,GPE
Bazilevich_LP,320-332,PRODUCT
Bazilevich_LP,No.7,GPE
Bazilevich_LP,pp,GPE
Bazilevich_LP,429-500,CARDINAL
Bazilevich_LP,pp,GPE
Bazilevich_LP,633,CARDINAL
Bazilevich_LP,Очерки,GPE
Bazilevich_LP,Переяславско-Бориспольской,ORG
Bazilevich_LP,Poltava,ORG
Bazilevich_LP,1910,DATE
Bazilevich_LP,pp,GPE
Bazilevich_LP,69-72,CARDINAL
Bazilevich_LP,Посохова,PERSON
Bazilevich_LP,України,GPE
Bazilevich_LP,ХІХ ст.,ORG
Bazilevich_LP,Kharkiv,PERSON
Bazilevich_LP,2011,DATE
Bazilevich_LP,pp,GPE
Bazilevich_LP,56,DATE
Bazilevich_LP,"116,118",CARDINAL
Bazilevich_LP,133,CARDINAL
Bazilevich_LP,156,CARDINAL
Bazilevich_LP,210,CARDINAL
Bazilevich_LP,269,CARDINAL
Bazilevich_LP,293,CARDINAL
Bazilevich_LP,Liudmila Posokhova,PERSON
Birukov_LP,1772-06-02,DATE
Birukov_LP,Russian Empire,GPE
Birukov_LP,1844-05-31,DATE
Birukov_LP,Saint Petersburg,GPE
Birukov_LP,1783 to 1791,DATE
Birukov_LP,the Kharkiv Collegium,FAC
Birukov_LP,Latin,NORP
Birukov_LP,1791,DATE
Birukov_LP,Alexander Birukov,PERSON
Birukov_LP,the Kharkiv Collegium,FAC
Birukov_LP,1795,DATE
Birukov_LP,1796,DATE
Birukov_LP,1799,DATE
Birukov_LP,1803,DATE
Birukov_LP,Vasily Nazarovich Karazin,PERSON
Birukov_LP,Kharkiv University,ORG
Birukov_LP,the Ministry of Public Education,ORG
Birukov_LP,first,ORDINAL
Birukov_LP,Alexander Birukov,PERSON
Birukov_LP,Dispatch,NORP
Birukov_LP,the School Board,ORG
Birukov_LP,1817,DATE
Birukov_LP,the Department of Public Education,ORG
Birukov_LP,2,CARDINAL
Birukov_LP,April 1821,DATE
Birukov_LP,Saint Petersburg Censorship Committee,ORG
Birukov_LP,4 August 1826 to 11 May 1827,DATE
Birukov_LP,the Main Censorship Committee,ORG
Birukov_LP,Alexander Birukov’s,PERSON
Birukov_LP,the Censorship Committee,ORG
Birukov_LP,Alexander Pushkin’s,PERSON
Birukov_LP,Vasily Zhukovsky’s,PERSON
Birukov_LP,Alexander Birukov,PERSON
Birukov_LP,Alexander Pushkin,PERSON
Birukov_LP,Alexander Birukov,PERSON
Birukov_LP,1824,DATE
Birukov_LP,Evangelista Gossner,PERSON
Birukov_LP,1828,DATE
Birukov_LP,Birukov,PERSON
Birukov_LP,Kharkiv Collegium,PERSON
Birukov_LP,1792–1793,CARDINAL
Birukov_LP,455,CARDINAL
Birukov_LP,the Kharkiv Collegium,FAC
Birukov_LP,Alexander Birukov,PERSON
Birukov_LP,48,CARDINAL
Birukov_LP,the Kharkiv Collegium,FAC
Birukov_LP,Cossack,ORG
Birukov_LP,1792–1973,CARDINAL
Birukov_LP,13,CARDINAL
Birukov_LP,48,CARDINAL
Birukov_LP,Alexander Birukov,PERSON
Birukov_LP,Alexander Birukov,PERSON
Birukov_LP,Alexander Birukov,PERSON
Birukov_LP,the Kharkiv Collegium,FAC
Birukov_LP,Latin,NORP
Birukov_LP,Christoph Cellarius,PERSON
Birukov_LP,Grammar,PERSON
Birukov_LP,Johann Joachim Lange’s,PERSON
Birukov_LP,Collegium,FAC
Birukov_LP,Collegium,FAC
Birukov_LP,1790s,DATE
Birukov_LP,troparia,PERSON
Birukov_LP,Latin,NORP
Birukov_LP,Gospel,PERSON
Birukov_LP,Sebastian Castellio’s,PERSON
Birukov_LP,Cicero,ORG
Birukov_LP,Epictetus,ORG
Birukov_LP,Aesop,GPE
Birukov_LP,Thales,ORG
Birukov_LP,Western European,NORP
Birukov_LP,Cornelius Nepos,ORG
Birukov_LP,Kharkiv Collegium,ORG
Birukov_LP,Collegium,FAC
Birukov_LP,Latin,NORP
Birukov_LP,the “School Dialogues,PRODUCT
Birukov_LP,Ланге,ORG
Birukov_LP,Иоахим,GPE
Birukov_LP,Школьные,GPE
Birukov_LP,Мартин Шванвиц,PERSON
Birukov_LP,"Lange, Joachim, School Dialogues",ORG
Birukov_LP,Latin,LANGUAGE
Birukov_LP,Russian,NORP
Birukov_LP,Martin Schwanwitz,PERSON
Birukov_LP,St. Petersburg,GPE
Birukov_LP,Gedr,PERSON
Birukov_LP,Kayserl,PERSON
Birukov_LP,Acad,PERSON
Birukov_LP,der Wissenschaften,PERSON
Birukov_LP,1750,DATE
Birukov_LP,"Целларий, Христофор",ORG
Birukov_LP,Краткая,NORP
Birukov_LP,Сочиненная,ORG
Birukov_LP,Исправленная,PERSON
Birukov_LP,Геснером,ORG
Birukov_LP,Московском университете,PERSON
Birukov_LP,Cellarius,PERSON
Birukov_LP,Cellarius,PERSON
Birukov_LP,Gesner,PERSON
Birukov_LP,German,NORP
Birukov_LP,Russian,NORP
Birukov_LP,Anton Barsov,PERSON
Birukov_LP,the Imperial Moscow University,ORG
Birukov_LP,Moscow,GPE
Birukov_LP,University Printing House,ORG
Birukov_LP,1771,DATE
Birukov_LP,"Целларий, Христофор,",ORG
Birukov_LP,Христофора Целлария Краткой,PERSON
Birukov_LP,Cellarius,PERSON
Birukov_LP,Christophorus,PERSON
Birukov_LP,Christophorus Cellarius’s,PERSON
Birukov_LP,Latin,LANGUAGE
Birukov_LP,Russian,NORP
Birukov_LP,German,NORP
Birukov_LP,St. Petersburg,GPE
Birukov_LP,Imperial Academy of Sciences,ORG
Birukov_LP,1768,DATE
Birukov_LP,Lange,ORG
Birukov_LP,Joachimi Langii Tirocinium,PERSON
Birukov_LP,Francofurti ad Moenum,WORK_OF_ART
Birukov_LP,Frankfurt,GPE
Birukov_LP,1739,DATE
Birukov_LP,Lange,ORG
Birukov_LP,Joachimi Langii Colloquia,PERSON
Birukov_LP,1717,DATE
Birukov_LP,Thesaurus Linguae Latinae,PERSON
Birukov_LP,IV,GPE
Birukov_LP,Tomos Divisus,PERSON
Birukov_LP,Londinensem Editionem,PERSON
Birukov_LP,Basileae Thurnis,PERSON
Birukov_LP,1740,DATE
Birukov_LP,Ливий,NORP
Birukov_LP,Издаваемый Обществом,PERSON
Birukov_LP,словесности,GPE
Birukov_LP,художеств,GPE
Birukov_LP,1812,DATE
Birukov_LP,pt.3,GPE
Birukov_LP,No.7,GPE
Birukov_LP,July,DATE
Birukov_LP,43,CARDINAL
Birukov_LP,Квинтилиан,ORG
Birukov_LP,Марк Фабий,PERSON
Birukov_LP,Лучше,PERSON
Birukov_LP,или в училищах,PERSON
Birukov_LP,Из Ораторских,PERSON
Birukov_LP,1,CARDINAL
Birukov_LP,2,CARDINAL
Birukov_LP,А.С. Бируков] // Санктпетербургский,ORG
Birukov_LP,Издаваемый Обществом,PERSON
Birukov_LP,словесности,GPE
Birukov_LP,художеств,GPE
Birukov_LP,1812,DATE
Birukov_LP,pt.3,GPE
Birukov_LP,No.7,GPE
Birukov_LP,July,DATE
Birukov_LP,Ливий,NORP
Birukov_LP,42,DATE
Birukov_LP,43,CARDINAL
Birukov_LP,44,CARDINAL
Birukov_LP,А.С. Бируков] // Санктпетербургский,ORG
Birukov_LP,Издаваемый Обществом,PERSON
Birukov_LP,словесности,GPE
Birukov_LP,художеств,GPE
Birukov_LP,1812,DATE
Birukov_LP,pt.3,ORG
Birukov_LP,No.8,CARDINAL
Birukov_LP,August,DATE
Birukov_LP,pp.118,GPE
Birukov_LP,Ливий,NORP
Birukov_LP,А.С. Бируков] // Санктпетербургский,ORG
Birukov_LP,Издаваемый Обществом,PERSON
Birukov_LP,словесности,GPE
Birukov_LP,художеств,GPE
Birukov_LP,1812,DATE
Birukov_LP,pt.3,ORG
Birukov_LP,No.8,CARDINAL
Birukov_LP,August,DATE
Birukov_LP,130,CARDINAL
Birukov_LP,Бируков,GPE
Birukov_LP,Александр,GPE
Birukov_LP,лютейший сын,PERSON
Birukov_LP,// Санктпетербургский,ORG
Birukov_LP,Издаваемый Обществом,PERSON
Birukov_LP,словесности,GPE
Birukov_LP,художеств,GPE
Birukov_LP,1812,DATE
Birukov_LP,pt.3,ORG
Birukov_LP,No.8,CARDINAL
Birukov_LP,August,DATE
Birukov_LP,p.152.,GPE
Birukov_LP,Ливий,NORP
Birukov_LP,А.С. Бируков] // Санктпетербургский,ORG
Birukov_LP,Издаваемый Обществом,PERSON
Birukov_LP,словесности,GPE
Birukov_LP,художеств,GPE
Birukov_LP,1812,DATE
Birukov_LP,pt.3,ORG
Birukov_LP,September,DATE
Birukov_LP,247,CARDINAL
Birukov_LP,State Archives of Kharkiv Region,ORG
Birukov_LP,op.1,GPE
Birukov_LP,Russian,NORP
Birukov_LP,St. Petersburg,GPE
Birukov_LP,d.97,NORP
Birukov_LP,fol.176,ORG
Birukov_LP,Лащенков,ORG
Birukov_LP,Н.,PERSON
Birukov_LP,Материалы,ORG
Birukov_LP,Харьковской,PERSON
Birukov_LP,Слободско-Украинский и Харьковский //,ORG
Birukov_LP,1893,DATE
Birukov_LP,7,CARDINAL
Birukov_LP,Посохова,PERSON
Birukov_LP,України,GPE
Birukov_LP,ХІХ ст.,ORG
Birukov_LP,Kharkiv,PERSON
Birukov_LP,2011,DATE
Birukov_LP,Гринченко,PERSON
Birukov_LP,Патрушева,NORP
Birukov_LP,Н.,PERSON
Birukov_LP,Цензоры Санкт-Петербурга,ORG
Birukov_LP,Новое литературное обозрение,PERSON
Birukov_LP,2004,DATE
Birukov_LP,No.69,ORG
Birukov_LP,Liudmila Posokhova,PERSON
Blessig,1762-04-26,DATE
Blessig,Strasbourg,GPE
Blessig,1832-05-18/30,DATE
Blessig,Saint Petersburg,GPE
Blessig,Jean Blessig,PERSON
Blessig,Maria-Barbara Ostertag,PERSON
Blessig,N. Kassern,PERSON
Blessig,1,CARDINAL
Blessig,1792,DATE
Blessig,Katharina van Zanten,PERSON
Blessig,1772-07-12/23,DATE
Blessig,Reval,ORG
Blessig,1812-12-4/16,DATE
Blessig,Saint Petersburg,GPE
Blessig,2,CARDINAL
Blessig,21,CARDINAL
Blessig,May/2 June 1813,DATE
Blessig,Émilie-Charlotte Forsch,PERSON
Blessig,1791-04-19/30,DATE
Blessig,Saint Petersburg,GPE
Blessig,1843-04-27/05-09,DATE
Blessig,Saint Petersburg,GPE
Blessig,1st,ORDINAL
Blessig,Philippe-Jacques Blessig,PERSON
Blessig,1821-11-03/15,DATE
Blessig,Saint Petersburg,GPE
Blessig,1904-04-17,DATE
Blessig,Liverpool,GPE
Blessig,Saint Petersburg,GPE
Blessig,Liverpool,GPE
Blessig,1845,DATE
Blessig,Russia,GPE
Blessig,Liverpool,GPE
Blessig,1883,DATE
Blessig,1902,DATE
Blessig,Liverpool,GPE
Blessig,4 August 1852,DATE
Blessig,Karoline-Katharina Braun,ORG
Blessig,1835-03-11,DATE
Blessig,1881-12-25,DATE
Blessig,Liverpool,GPE
Blessig,Probably German-speaking,PERSON
Blessig,Saint Petersburg,GPE
Blessig,Reval,ORG
Blessig,Tallinn,GPE
Blessig,Estonia,GPE
Blessig,between 1787 and 1793,DATE
Blessig,F.W. Kimmel,PERSON
Blessig,Blessig & Kimmel,ORG
Blessig,Saint Petersburg,GPE
Blessig,1793,DATE
Blessig,Frenchman,NORP
Blessig,1804 to 1812,DATE
Blessig,P.J. Blessig,PERSON
Blessig,1813,DATE
Blessig,Friedrich Forsch,PERSON
Blessig,1821–1822,CARDINAL
Blessig,1825,DATE
Blessig,44417,DATE
Blessig,44419,DATE
Blessig,SPbZ,GPE
Blessig,1793,DATE
Blessig,no 45,DATE
Bogdanovich_LP,Secular,ORG
Bogdanovich_LP,Kozma Simeonovich,PERSON
Bogdanovich_LP,1714,DATE
Bogdanovich_LP,Voronkov,PERSON
Bogdanovich_LP,Pereiaslav Regiment,ORG
Bogdanovich_LP,Russian Empire,GPE
Bogdanovich_LP,Russian Empire,GPE
Bogdanovich_LP,Kliment Bogdanovich,PERSON
Bogdanovich_LP,the Mikhailovskaya Church,ORG
Bogdanovich_LP,Voronkov,PERSON
Bogdanovich_LP,1728,DATE
Bogdanovich_LP,the Kyiv-Mohyla Academy,ORG
Bogdanovich_LP,Latin,NORP
Bogdanovich_LP,the Kyiv-Mohyla Academy,ORG
Bogdanovich_LP,Concerning Bogdanovich,PERSON
Bogdanovich_LP,the Pereiaslav Collegium,FAC
Bogdanovich_LP,1739–1740,CARDINAL
Bogdanovich_LP,1741,DATE
Bogdanovich_LP,the Saint Sophia Monastery,FAC
Bogdanovich_LP,1743,DATE
Bogdanovich_LP,1743,DATE
Bogdanovich_LP,the Kyiv-Mohyla Academy,ORG
Bogdanovich_LP,1744,DATE
Bogdanovich_LP,the Holy Spirit Monastery,ORG
Bogdanovich_LP,Vilnius,ORG
Bogdanovich_LP,Mahilyow,ORG
Bogdanovich_LP,1746–1747,DATE
Bogdanovich_LP,the Smolensk Seminary,FAC
Bogdanovich_LP,Pereiaslav Collegium,PERSON
Bogdanovich_LP,1739–1740,CARDINAL
Bogdanovich_LP,Kyiv-Mohyla Academy,ORG
Bogdanovich_LP,1743,DATE
Bogdanovich_LP,Smolensk Seminary,PERSON
Bogdanovich_LP,several dozen,CARDINAL
Bogdanovich_LP,Kliment Bogdanovic,PERSON
Bogdanovich_LP,the Pereiaslav Collegium,FAC
Bogdanovich_LP,the Kyiv-Mohyla Academy,ORG
Bogdanovich_LP,the Pereiaslav Collegium,FAC
Bogdanovich_LP,Kyiv-Mohyla Academy,ORG
Bogdanovich_LP,Cossack,ORG
Bogdanovich_LP,Kliment Bogdanovich,PERSON
Bogdanovich_LP,Latin,NORP
Bogdanovich_LP,the Pereiaslav Collegium,FAC
Bogdanovich_LP,the first years,DATE
Bogdanovich_LP,the Kyiv-Mohyla Academy,FAC
Bogdanovich_LP,Emmanuel Alvarez,PERSON
Bogdanovich_LP,Jesuit,NORP
Bogdanovich_LP,Academy,ORG
Bogdanovich_LP,Alvarez,PERSON
Bogdanovich_LP,troparia,PERSON
Bogdanovich_LP,Latin,NORP
Bogdanovich_LP,Gospel,PERSON
Bogdanovich_LP,Collegium,FAC
Bogdanovich_LP,Academy,ORG
Bogdanovich_LP,Alvarez,PERSON
Bogdanovich_LP,Emmanuel,PERSON
Bogdanovich_LP,Emmanuelis Alvari,PERSON
Bogdanovich_LP,De Institutione Grammatica,PERSON
Bogdanovich_LP,Nicolaum Henricum,ORG
Bogdanovich_LP,Samuilis Maderi,PERSON
Bogdanovich_LP,1625,DATE
Bogdanovich_LP,Акты,PERSON
Bogdanovich_LP,Киевской,NORP
Bogdanovich_LP,1721–1795,CARDINAL
Bogdanovich_LP,1721–1750 гг.,DATE
Bogdanovich_LP,Н.И. Петрова,ORG
Bogdanovich_LP,Kyiv,PERSON
Bogdanovich_LP,1904,DATE
Bogdanovich_LP,Описание,PERSON
Bogdanovich_LP,Святейшего Правительствующего Синода,ORG
Bogdanovich_LP,1737,DATE
Bogdanovich_LP,St. Petersburg,GPE
Bogdanovich_LP,1913,DATE
Bogdanovich_LP,64,CARDINAL
Bogdanovich_LP,d.32,ORG
Bogdanovich_LP,Вишневский,PERSON
Bogdanovich_LP,Киевская,ORG
Bogdanovich_LP,Киевской,PERSON
Bogdanovich_LP,1902,DATE
Bogdanovich_LP,No.5,PRODUCT
Bogdanovich_LP,Украине // Киевская старина,ORG
Bogdanovich_LP,1905,DATE
Bogdanovich_LP,No.9,PRODUCT
Bogdanovich_LP,України,GPE
Bogdanovich_LP,ХІХ ст.,ORG
Bogdanovich_LP,Kharkiv,PERSON
Bogdanovich_LP,2011,DATE
Bogdanovich_LP,pp.55-57,DATE
Bogdanovich_LP,Liudmila Posokhova,PERSON
Boneberg_LP,Bonemberg,PERSON
Boneberg_LP,first,ORDINAL
Boneberg_LP,Kharkiv Collegium,WORK_OF_ART
Boneberg_LP,German,NORP
Boneberg_LP,French,NORP
Boneberg_LP,Concerning Boneberg,PERSON
Boneberg_LP,first,ORDINAL
Boneberg_LP,German,NORP
Boneberg_LP,French,NORP
Boneberg_LP,the Kharkiv Collegium,FAC
Boneberg_LP,one academic year,DATE
Boneberg_LP,1740–1741,CARDINAL
Boneberg_LP,Collegium,FAC
Boneberg_LP,Boneberg,PERSON
Boneberg_LP,Bishop,ORG
Boneberg_LP,Belgorod Petr Smelich,ORG
Boneberg_LP,Kharkiv Collegium,PERSON
Boneberg_LP,1740–1741,CARDINAL
Boneberg_LP,Boneberg,GPE
Boneberg_LP,about 200,CARDINAL
Boneberg_LP,the Kharkiv Collegium,FAC
Boneberg_LP,Boneberg,GPE
Boneberg_LP,German,NORP
Boneberg_LP,23,CARDINAL
Boneberg_LP,French,NORP
Boneberg_LP,54,CARDINAL
Boneberg_LP,the Kharkiv Collegium,FAC
Boneberg_LP,Cossack,ORG
Boneberg_LP,Boneberg,PERSON
Boneberg_LP,German,NORP
Boneberg_LP,French,NORP
Boneberg_LP,grammar basics,PERSON
Boneberg_LP,Boneberg,GPE
Boneberg_LP,Bishop,ORG
Boneberg_LP,Belgorod Petr Smelich,ORG
Boneberg_LP,Письма,PERSON
Boneberg_LP,Его Преосвященству,PERSON
Boneberg_LP,епархиальные ведомости,PERSON
Boneberg_LP,1874,DATE
Boneberg_LP,1,CARDINAL
Boneberg_LP,42,CARDINAL
Boneberg_LP,Посохова,PERSON
Boneberg_LP,України,GPE
Boneberg_LP,ХІХ,ORG
Boneberg_LP,2011,DATE
Boneberg_LP,pp,GPE
Boneberg_LP,73-74,CARDINAL
Boneberg_LP,Liudmila Posokhova,PERSON
Brouillon_LP,French,NORP
Brouillon_LP,French,NORP
Brouillon_LP,Pierre Brouillon,PERSON
Brouillon_LP,French,NORP
Brouillon_LP,Kyiv,GPE
Brouillon_LP,Frenchman,ORG
Brouillon_LP,the Kyiv-Mohyla Academy,ORG
Brouillon_LP,French,NORP
Brouillon_LP,1788–1789,CARDINAL
Brouillon_LP,Pierre Brouillon,PERSON
Brouillon_LP,Russian,LANGUAGE
Brouillon_LP,Ivan Cherniavsky,PERSON
Brouillon_LP,French,LANGUAGE
Brouillon_LP,January 1789,DATE
Brouillon_LP,Kyiv-Mohyla Academy,ORG
Brouillon_LP,1788–1789,CARDINAL
Brouillon_LP,Pierre Brouillon,PERSON
Brouillon_LP,French,NORP
Brouillon_LP,several dozen,CARDINAL
Brouillon_LP,French,NORP
Brouillon_LP,the Kyiv-Mohyla Academy,FAC
Brouillon_LP,the Kyiv-Mohyla Academy,ORG
Brouillon_LP,Cossack,ORG
Brouillon_LP,Martyn Sokolovsky,PERSON
Brouillon_LP,French,NORP
Brouillon_LP,the Kyiv-Mohyla Academy,FAC
Brouillon_LP,Pierre Brouillon,PERSON
Brouillon_LP,French,NORP
Brouillon_LP,the Kyiv-Mohyla Academy,ORG
Brouillon_LP,Pierre Restaut,PERSON
Brouillon_LP,Giovanni Veneroni,PERSON
Brouillon_LP,François-Antoine Pomey,ORG
Brouillon_LP,Новая,GPE
Brouillon_LP,Ресто,NORP
Brouillon_LP,Академии,GPE
Brouillon_LP,В. Тепловым,ORG
Brouillon_LP,St. Petersburg,GPE
Brouillon_LP,Imperial Academy of Sciences,ORG
Brouillon_LP,1752,DATE
Brouillon_LP,Сокращенная,ORG
Brouillon_LP,Расположенная,GPE
Brouillon_LP,Мартыном Соколовским,ORG
Brouillon_LP,Moscow,GPE
Brouillon_LP,1770,DATE
Brouillon_LP,Veneroni,PERSON
Brouillon_LP,Giovanni,GPE
Brouillon_LP,Dictionnaire,GPE
Brouillon_LP,Paris,GPE
Brouillon_LP,Loyson,GPE
Brouillon_LP,Estienne,GPE
Brouillon_LP,1681,DATE
Brouillon_LP,Акты,PERSON
Brouillon_LP,Киевской,NORP
Brouillon_LP,Kyiv,PERSON
Brouillon_LP,1904,DATE
Brouillon_LP,ІІ,PERSON
Brouillon_LP,1721–1795,CARDINAL
Brouillon_LP,pp,GPE
Brouillon_LP,94,DATE
Brouillon_LP,221,CARDINAL
Brouillon_LP,223,CARDINAL
Brouillon_LP,233,CARDINAL
Brouillon_LP,300,CARDINAL
Brouillon_LP,526,CARDINAL
Brouillon_LP,Серебренников,GPE
Brouillon_LP,Киевская,ORG
Brouillon_LP,ХVІІІ,PERSON
Brouillon_LP,1819,CARDINAL
Brouillon_LP,Kyiv,PERSON
Brouillon_LP,1897,DATE
Brouillon_LP,Liudmila Posokhova,PERSON
Brzozowski_Rajmund_DK,Rajmund,EVENT
Brzozowski_Rajmund_DK,1763-12-07,DATE
Brzozowski_Rajmund_DK,1848-08-23,DATE
Brzozowski_Rajmund_DK,Massa Lubrense,PERSON
Brzozowski_Rajmund_DK,Campania,GPE
Brzozowski_Rajmund_DK,Italy,GPE
Brzozowski_Rajmund_DK,Tadeusz Brzozowski,PERSON
Brzozowski_Rajmund_DK,Catholic,NORP
Brzozowski_Rajmund_DK,Raimund Brzozowski,PERSON
Brzozowski_Rajmund_DK,the Society of Jesus,ORG
Brzozowski_Rajmund_DK,Polatsk,GPE
Brzozowski_Rajmund_DK,2 February 1780,DATE
Brzozowski_Rajmund_DK,two years,DATE
Brzozowski_Rajmund_DK,1780–1782,CARDINAL
Brzozowski_Rajmund_DK,the Orsha Jesuit Collegium,ORG
Brzozowski_Rajmund_DK,1783,DATE
Brzozowski_Rajmund_DK,1786 to 1788,DATE
Brzozowski_Rajmund_DK,the Polatsk Jesuit Collegium,ORG
Brzozowski_Rajmund_DK,French,NORP
Brzozowski_Rajmund_DK,Latin,LANGUAGE
Brzozowski_Rajmund_DK,1784 to 1786,DATE
Brzozowski_Rajmund_DK,Raimund Brzozowski,PERSON
Brzozowski_Rajmund_DK,French,LANGUAGE
Brzozowski_Rajmund_DK,the Mstsislaw Jesuit Collegium,ORG
Brzozowski_Rajmund_DK,the Polatsk Jesuit Collegium,ORG
Brzozowski_Rajmund_DK,French,NORP
Brzozowski_Rajmund_DK,1788–1789,CARDINAL
Brzozowski_Rajmund_DK,the Orsha Jesuit Collegium,ORG
Brzozowski_Rajmund_DK,the Mahilyow Jesuit Collegium,ORG
Brzozowski_Rajmund_DK,1793–1794,CARDINAL
Brzozowski_Rajmund_DK,the Polatsk Jesuit Collegium,ORG
Brzozowski_Rajmund_DK,"1799–1800, 1806–1812",DATE
Brzozowski_Rajmund_DK,the Polatsk Academy,ORG
Brzozowski_Rajmund_DK,1812–1814,CARDINAL
Brzozowski_Rajmund_DK,1814 to 1817,DATE
Brzozowski_Rajmund_DK,1817–1820,CARDINAL
Brzozowski_Rajmund_DK,the Polatsk Academy,ORG
Brzozowski_Rajmund_DK,1820,DATE
Brzozowski_Rajmund_DK,Raimund Brzozowski,PERSON
Brzozowski_Rajmund_DK,the Superior General of the Society of Jesus Luigi Fortis,ORG
Brzozowski_Rajmund_DK,1829,DATE
Brzozowski_Rajmund_DK,Mstsislaw Jesuit Collegium,ORG
Brzozowski_Rajmund_DK,Orsha Jesuit Collegium,ORG
Brzozowski_Rajmund_DK,Mahilyow Jesuit Collegium,ORG
Brzozowski_Rajmund_DK,Polatsk Jesuit Collegium,ORG
Brzozowski_Rajmund_DK,Polatsk Academy,ORG
Brzozowski_Rajmund_DK,Scholastic,NORP
Brzozowski_Rajmund_DK,De Arte,ORG
Brzozowski_Rajmund_DK,Rhetorica Libri,PERSON
Brzozowski_Rajmund_DK,Exemplis Illustrati,PERSON
Brzozowski_Rajmund_DK,Usum Candidatorum Eloquentiæ,ORG
Brzozowski_Rajmund_DK,Accomodati,PERSON
Brzozowski_Rajmund_DK,Polociae,NORP
Brzozowski_Rajmund_DK,Collegii Societatis Jesu,PERSON
Brzozowski_Rajmund_DK,1788,DATE
Brzozowski_Rajmund_DK,Lhomond,PERSON
Brzozowski_Rajmund_DK,M. Lhomond Professeur-Emérite,PERSON
Brzozowski_Rajmund_DK,Paris,GPE
Brzozowski_Rajmund_DK,1780,DATE
Brzozowski_Rajmund_DK,ligati,GPE
Brzozowski_Rajmund_DK,Polociae,NORP
Brzozowski_Rajmund_DK,Collegii Societatis Jesu,PERSON
Brzozowski_Rajmund_DK,1790,DATE
Brzozowski_Rajmund_DK,Блинова,PERSON
Brzozowski_Rajmund_DK,Иезуиты,GPE
Brzozowski_Rajmund_DK,Беларуси,GPE
Brzozowski_Rajmund_DK,Я. Купалы,PERSON
Brzozowski_Rajmund_DK,2002,DATE
Brzozowski_Rajmund_DK,Инглот,PERSON
Brzozowski_Rajmund_DK,S.J.,ORG
Brzozowski_Rajmund_DK,Иисуса в,PERSON
Brzozowski_Rajmund_DK,1772-1820,DATE
Brzozowski_Rajmund_DK,Ордена,ORG
Brzozowski_Rajmund_DK,Св,GPE
Brzozowski_Rajmund_DK,2004,DATE
Brzozowski_Rajmund_DK,Bednarski,PERSON
Brzozowski_Rajmund_DK,Stanisław,PERSON
Brzozowski_Rajmund_DK,Brzozowski Rajmund,FAC
Brzozowski_Rajmund_DK,Słownik Biograficzny,PERSON
Brzozowski_Rajmund_DK,1937,DATE
Brzozowski_Rajmund_DK,1989,DATE
Brzozowski_Rajmund_DK,68,CARDINAL
Brzozowski_Rajmund_DK,Stanisław,PERSON
Brzozowski_Rajmund_DK,Zbiór,GPE
Brzozowski_Rajmund_DK,Kościele,GPE
Brzozowski_Rajmund_DK,Katolickiéj,ORG
Brzozowski_Rajmund_DK,Polski,ORG
Brzozowski_Rajmund_DK,końca panowania,ORG
Brzozowski_Rajmund_DK,Alexandra,PERSON
Brzozowski_Rajmund_DK,Mikołaja,GPE
Brzozowski_Rajmund_DK,Poznań,PERSON
Brzozowski_Rajmund_DK,Walenty Stefański,PERSON
Brzozowski_Rajmund_DK,1843,DATE
Brzozowski_Rajmund_DK,"Zalenski, Stanislaw, P.,",WORK_OF_ART
Brzozowski_Rajmund_DK,S.J.,ORG
Brzozowski_Rajmund_DK,Les Jésuites de la Russie Blanche,PERSON
Brzozowski_Rajmund_DK,2,CARDINAL
Brzozowski_Rajmund_DK,traduit du polonais par,ORG
Brzozowski_Rajmund_DK,Vivier de la même Compagnie,PERSON
Brzozowski_Rajmund_DK,Paris,GPE
Brzozowski_Rajmund_DK,Letouzey et Ané,PERSON
Brzozowski_Rajmund_DK,1886,DATE
Brzozowski_Rajmund_DK,Dzianis Kandakou,PERSON
Cytowicz_DK,1771-10-06,DATE
Cytowicz_DK,1846-06-17,DATE
Cytowicz_DK,Ternopil,GPE
Cytowicz_DK,Austrian Empire,GPE
Cytowicz_DK,Catholic,NORP
Cytowicz_DK,Józef Cytowicz,PERSON
Cytowicz_DK,the Society of Jesus,ORG
Cytowicz_DK,"August 14, 1792",DATE
Cytowicz_DK,a year,DATE
Cytowicz_DK,Polatsk,PERSON
Cytowicz_DK,1796 to 1798,DATE
Cytowicz_DK,the Polatsk Jesuit Collegium,ORG
Cytowicz_DK,four years,DATE
Cytowicz_DK,1799 to 1803,DATE
Cytowicz_DK,German,NORP
Cytowicz_DK,Latin,NORP
Cytowicz_DK,Russian,NORP
Cytowicz_DK,1793–1794,DATE
Cytowicz_DK,Józef Cytowicz,PERSON
Cytowicz_DK,Latin,NORP
Cytowicz_DK,Russian,NORP
Cytowicz_DK,the Mahilyow Jesuit Collegium,ORG
Cytowicz_DK,the Vitsebsk Jesuit Collegium,ORG
Cytowicz_DK,the following academic year,DATE
Cytowicz_DK,1795–1796,CARDINAL
Cytowicz_DK,Cytowicz,ORG
Cytowicz_DK,Latin,NORP
Cytowicz_DK,German,NORP
Cytowicz_DK,the Orsha Jesuit Collegium,ORG
Cytowicz_DK,the Polatsk Collegium,FAC
Cytowicz_DK,German,NORP
Cytowicz_DK,Russian,NORP
Cytowicz_DK,Polatsk,GPE
Cytowicz_DK,Saint Petersburg,GPE
Cytowicz_DK,first,ORDINAL
Cytowicz_DK,1803–1806,CARDINAL
Cytowicz_DK,German,NORP
Cytowicz_DK,1806–1810,CARDINAL
Cytowicz_DK,Saint Petersburg Collegium Nobilium,FAC
Cytowicz_DK,1810,DATE
Cytowicz_DK,Cytowicz,ORG
Cytowicz_DK,1813–1815,CARDINAL
Cytowicz_DK,1818–1820,CARDINAL
Cytowicz_DK,the Polatsk Academy,ORG
Cytowicz_DK,1812,DATE
Cytowicz_DK,1815,DATE
Cytowicz_DK,Academy,ORG
Cytowicz_DK,Cytowicz,ORG
Cytowicz_DK,the Faculty of Philosophy,ORG
Cytowicz_DK,1818,DATE
Cytowicz_DK,the Faculty of Liberal Sciences,ORG
Cytowicz_DK,Jesuit,NORP
Cytowicz_DK,Romanov,GPE
Cytowicz_DK,Volhynian,NORP
Cytowicz_DK,a few months,DATE
Cytowicz_DK,1811–1812,CARDINAL
Cytowicz_DK,Society,ORG
Cytowicz_DK,Russia,GPE
Cytowicz_DK,the Ternopil Jesuit Collegium,ORG
Cytowicz_DK,1831–1833,CARDINAL
Cytowicz_DK,Mahilyow Jesuit Collegium,ORG
Cytowicz_DK,Vitsebsk Jesuit Collegium,ORG
Cytowicz_DK,Orsha Jesuit Collegium,ORG
Cytowicz_DK,Polatsk Jesuit Collegium,ORG
Cytowicz_DK,Polatsk Academy,ORG
Cytowicz_DK,Viazemsky Piotr Andreevich,PERSON
Cytowicz_DK,Golitsyn Alexei Alexeyevich,PERSON
Cytowicz_DK,Stroganov Valentin Alexandrovich,PERSON
Cytowicz_DK,Stroganov,PERSON
Cytowicz_DK,Andrei Alexandrovich,PERSON
Cytowicz_DK,Komarovsky Yegor Evstafyevich,PERSON
Cytowicz_DK,Novosiltsev Vladimir Dmitrievich,PERSON
Cytowicz_DK,Scholastic,NORP
Cytowicz_DK,Alvarez,PERSON
Cytowicz_DK,Emmanuel,PERSON
Cytowicz_DK,Alvari Emmanuelis S.J.,PERSON
Cytowicz_DK,De Institutione Grammatica Lingvæ Latinæ Libri Tres,ORG
Cytowicz_DK,Polociae,NORP
Cytowicz_DK,Collegii Societatis Jesu,PERSON
Cytowicz_DK,1794,DATE
Cytowicz_DK,Coloniae Agrippinae,PERSON
Cytowicz_DK,1596,DATE
Cytowicz_DK,Grammatyka,PERSON
Cytowicz_DK,w którey,PERSON
Cytowicz_DK,rozmowy,GPE
Cytowicz_DK,krótkie powieści,PERSON
Cytowicz_DK,słowa w tey grammatyce zawarte,PERSON
Cytowicz_DK,Połock,PERSON
Cytowicz_DK,Collegii Societatis Jesu,PERSON
Cytowicz_DK,1801,DATE
Cytowicz_DK,Lehrreiche Gedanken,PERSON
Cytowicz_DK,Begebenheiten zur Bildung,PERSON
Cytowicz_DK,Herzens,GPE
Cytowicz_DK,der,NORP
Cytowicz_DK,Jugend von Matthias Schönberg,PERSON
Cytowicz_DK,G.J.,GPE
Cytowicz_DK,Buchdruckerey des Collegium der Gesellschaft Jesu,ORG
Cytowicz_DK,1802,DATE
Cytowicz_DK,München,GPE
Cytowicz_DK,1771,DATE
Cytowicz_DK,Блинова,PERSON
Cytowicz_DK,Иезуиты,GPE
Cytowicz_DK,Беларуси,GPE
Cytowicz_DK,Я. Купалы,PERSON
Cytowicz_DK,2002,DATE
Cytowicz_DK,Инглот,PERSON
Cytowicz_DK,S.J.,ORG
Cytowicz_DK,Иисуса в,PERSON
Cytowicz_DK,1772-1820,DATE
Cytowicz_DK,Ордена,ORG
Cytowicz_DK,Св,GPE
Cytowicz_DK,2004,DATE
Cytowicz_DK,Provinciae Galiciae Austriacae,ORG
Cytowicz_DK,Leopoli,PERSON
Cytowicz_DK,Typis Josephi Schnayder,PERSON
Cytowicz_DK,1833,DATE
Cytowicz_DK,Giżycki,PERSON
Cytowicz_DK,Jan Marek,PERSON
Cytowicz_DK,Akademii Połockiej,PERSON
Cytowicz_DK,Kraków,PERSON
Cytowicz_DK,W.L. Anczyc,PERSON
Cytowicz_DK,1905,DATE
Cytowicz_DK,Ludwik,GPE
Cytowicz_DK,Encyklopedia,GPE
Cytowicz_DK,Kraków,PERSON
Cytowicz_DK,1996,DATE
Cytowicz_DK,"Zalenski, Stanislaw, P.,",WORK_OF_ART
Cytowicz_DK,S.J.,ORG
Cytowicz_DK,Les Jésuites de la Russie Blanche,PERSON
Cytowicz_DK,2,CARDINAL
Cytowicz_DK,traduit du polonais par,ORG
Cytowicz_DK,Vivier de la même Compagnie,PERSON
Cytowicz_DK,Paris,GPE
Cytowicz_DK,Letouzey et Ané,PERSON
Cytowicz_DK,1886,DATE
Cytowicz_DK,Dzianis Kandakou,PERSON
Czerski_DK,1777-08-11/1777-10-10,DATE
Czerski_DK,Latgale,GPE
Czerski_DK,Polatsk Viceroyalty,GPE
Czerski_DK,Russian Empire,GPE
Czerski_DK,1833-04-30,DATE
Czerski_DK,Varniai,GPE
Czerski_DK,Lithuania,GPE
Czerski_DK,Russian Empire,GPE
Czerski_DK,Catholic,NORP
Czerski_DK,the Society of Jesus,ORG
Czerski_DK,Stanisław Czerski,PERSON
Czerski_DK,the Polatsk Jesuit Collegium,ORG
Czerski_DK,two years,DATE
Czerski_DK,1798–1800,CARDINAL
Czerski_DK,German,NORP
Czerski_DK,Latin,NORP
Czerski_DK,Latin,NORP
Czerski_DK,Stanisław Czerski,PERSON
Czerski_DK,the Vitsebsk Jesuit Collegium,ORG
Czerski_DK,German,NORP
Czerski_DK,1796–1798 and,DATE
Czerski_DK,1800–1801,DATE
Czerski_DK,Polatsk,GPE
Czerski_DK,German,NORP
Czerski_DK,a year,DATE
Czerski_DK,the academic year 1801–1802,DATE
Czerski_DK,German,NORP
Czerski_DK,the Mstsislaw Jesuit Collegium,ORG
Czerski_DK,Polatsk,PERSON
Czerski_DK,1806,DATE
Czerski_DK,the Orsha Collegium,FAC
Czerski_DK,1806–1810,DATE
Czerski_DK,the academic year 1810–1811,DATE
Czerski_DK,Czerski,PERSON
Czerski_DK,the Vitsebsk Jesuit Collegium,ORG
Czerski_DK,the Society of Jesus,ORG
Czerski_DK,between 1812 and  1815,DATE
Czerski_DK,Czerski,ORG
Czerski_DK,Latin,LANGUAGE
Czerski_DK,the Vilnius Grammar School,ORG
Czerski_DK,1819,DATE
Czerski_DK,ten years,DATE
Czerski_DK,Czerski,ORG
Czerski_DK,the Lithuania-Vilna Governorate,ORG
Czerski_DK,1821 to 1825,DATE
Czerski_DK,Vilnius,ORG
Czerski_DK,Varniai,ORG
Czerski_DK,1825 to 1831,DATE
Czerski_DK,Samogitia,GPE
Czerski_DK,Salantai,GPE
Czerski_DK,Vitsebsk Jesuit Collegium,PERSON
Czerski_DK,Polatsk Jesuit Collegium,ORG
Czerski_DK,Orsha Jesuit Collegium,ORG
Czerski_DK,Vilnius Grammar School,ORG
Czerski_DK,Scholastic,NORP
Czerski_DK,Alvarez,PERSON
Czerski_DK,Emmanuel,PERSON
Czerski_DK,Emmanuelis Alvari,PERSON
Czerski_DK,De Institutione Grammatica Lingvæ Latinæ Libri Tres,ORG
Czerski_DK,Polociae,NORP
Czerski_DK,Collegii Societatis Jesu,PERSON
Czerski_DK,1794,DATE
Czerski_DK,Coloniae Agrippinae,PERSON
Czerski_DK,1596,DATE
Czerski_DK,De Arte,ORG
Czerski_DK,Rhetorica Libri,PERSON
Czerski_DK,Veterum Auctorum,PERSON
Czerski_DK,Exemplis Illustrati,PERSON
Czerski_DK,Usum Candidatorum Eloquentiae Accomodati,ORG
Czerski_DK,Polociae,NORP
Czerski_DK,Collegii Societatis Jesu,PERSON
Czerski_DK,1799,DATE
Czerski_DK,Grammatyka,PERSON
Czerski_DK,rozmowy,GPE
Czerski_DK,krótkie powieści,PERSON
Czerski_DK,słowa w tey grammatyce zawarte,PERSON
Czerski_DK,Połock,PERSON
Czerski_DK,Collegii Societatis Jesu,PERSON
Czerski_DK,1793,DATE
Czerski_DK,Grammatyka,PERSON
Czerski_DK,w którey,PERSON
Czerski_DK,rozmowy,GPE
Czerski_DK,krótkie powieści,PERSON
Czerski_DK,słowa w tey grammatyce zawarte,PERSON
Czerski_DK,Połock,PERSON
Czerski_DK,Collegii Societatis Jesu,PERSON
Czerski_DK,1801,DATE
Czerski_DK,ligati,GPE
Czerski_DK,Polociae,NORP
Czerski_DK,Collegii Societatis Jesu,PERSON
Czerski_DK,1790,DATE
Czerski_DK,Lehrreiche Gedanken,PERSON
Czerski_DK,Begebenheiten zur Bildung,PERSON
Czerski_DK,Herzens,GPE
Czerski_DK,der,NORP
Czerski_DK,Jugend von Matthias Schönberg,PERSON
Czerski_DK,G.J.,GPE
Czerski_DK,Buchdruckerey des Collegium der Gesellschaft Jesu,ORG
Czerski_DK,1802,DATE
Czerski_DK,München,GPE
Czerski_DK,1771,DATE
Czerski_DK,Stanisława Czerskiego,ORG
Czerski_DK,2 t.,QUANTITY
Czerski_DK,Fryderyk Moritz,PERSON
Czerski_DK,1822-1825,DATE
Czerski_DK,Stanisława Czerskiego,PERSON
Czerski_DK,Wilno,ORG
Czerski_DK,Józef Zawadzki,PERSON
Czerski_DK,1816,DATE
Czerski_DK,De Deo,ORG
Czerski_DK,Derzavini,GPE
Czerski_DK,Stanislaus Czerski,PERSON
Czerski_DK,Vilnae,PERSON
Czerski_DK,1819,DATE
Czerski_DK,Wilna,PERSON
Czerski_DK,1822,DATE
Czerski_DK,Stanisław Czerski,PERSON
Czerski_DK,1830,DATE
Czerski_DK,Stanisław Czerski,PERSON
Czerski_DK,Блинова,PERSON
Czerski_DK,Иезуиты,GPE
Czerski_DK,Беларуси,GPE
Czerski_DK,Я. Купалы,PERSON
Czerski_DK,2002,DATE
Czerski_DK,Инглот,PERSON
Czerski_DK,S.J.,ORG
Czerski_DK,Иисуса в,PERSON
Czerski_DK,1772–1820,CARDINAL
Czerski_DK,Ордена,ORG
Czerski_DK,Св,GPE
Czerski_DK,2004,DATE
Czerski_DK,Gasiūnas,PERSON
Czerski_DK,"Vladas, Stanislovas Čerskis",ORG
Czerski_DK,Visuotinė lietuvių enciklopedija,PERSON
Czerski_DK,t. IV (Chakasija-Diržių kapinynas,ORG
Czerski_DK,Vilnius,PERSON
Czerski_DK,2003,DATE
Czerski_DK,320,CARDINAL
Czerski_DK,Giżycki,PERSON
Czerski_DK,Jan Marek,PERSON
Czerski_DK,Akademii Połockiej,PERSON
Czerski_DK,Kraków,PERSON
Czerski_DK,W.L. Anczyc,PERSON
Czerski_DK,1905,DATE
Czerski_DK,Dzianis Kandakou,PERSON
Czyz_DK,1760-11-17,DATE
Czyz_DK,Polish,NORP
Czyz_DK,1816-04-23,DATE
Czyz_DK,Polatsk,PERSON
Czyz_DK,Vitsebsk Governorate,PERSON
Czyz_DK,Russian Empire,GPE
Czyz_DK,Catholic,NORP
Czyz_DK,the Society of Jesus,ORG
Czyz_DK,Andrzej Czyż,PERSON
Czyz_DK,Polatsk,GPE
Czyz_DK,1783–1784,CARDINAL
Czyz_DK,1784–1786,DATE
Czyz_DK,1790–1794,CARDINAL
Czyz_DK,French,NORP
Czyz_DK,Russian,NORP
Czyz_DK,Latin,NORP
Czyz_DK,Latin,NORP
Czyz_DK,the Polatsk Jesuit Collegium,ORG
Czyz_DK,Andrzej Czyż,PERSON
Czyz_DK,Latin,LANGUAGE
Czyz_DK,Russian,NORP
Czyz_DK,1786–1791,CARDINAL
Czyz_DK,the Polatsk Collegium,FAC
Czyz_DK,Russian,NORP
Czyz_DK,1794–1795,CARDINAL
Czyz_DK,French,NORP
Czyz_DK,the Mahilyow Jesuit Collegium,ORG
Czyz_DK,1795–1798,CARDINAL
Czyz_DK,the academic year 1798–1799,DATE
Czyz_DK,Czyż,PERSON
Czyz_DK,Jesuit,NORP
Czyz_DK,Vitsebsk,GPE
Czyz_DK,one year,DATE
Czyz_DK,1799–1800,CARDINAL
Czyz_DK,Mstsislaw,LOC
Czyz_DK,two years,DATE
Czyz_DK,1800–1802,CARDINAL
Czyz_DK,Polatsk,GPE
Czyz_DK,Jesuit,NORP
Czyz_DK,Saint Petersburg,GPE
Czyz_DK,First,ORDINAL
Czyz_DK,Saint Petersburg Collegium Nobilium,ORG
Czyz_DK,1806,DATE
Czyz_DK,1815,DATE
Czyz_DK,1813–1816,CARDINAL
Czyz_DK,Andrzej Czyż,PERSON
Czyz_DK,the Superior General of the Society of Jesus,ORG
Czyz_DK,Mahilyow Jesuit Collegium,ORG
Czyz_DK,Scholastic,NORP
Czyz_DK,De Arte,ORG
Czyz_DK,Rhetorica Libri,PERSON
Czyz_DK,Veterum Auctorum,PERSON
Czyz_DK,Exemplis Illustrati,PERSON
Czyz_DK,Usum Candidatorum Eloquentiae Accomodati,ORG
Czyz_DK,Polociae,NORP
Czyz_DK,Collegii Societatis Jesu,PERSON
Czyz_DK,1788,DATE
Czyz_DK,Lhomond,PERSON
Czyz_DK,Charles-François,PERSON
Czyz_DK,Élémens de la grammaire,PERSON
Czyz_DK,M. Lhomond Professeur-Emérite,PERSON
Czyz_DK,Paris,GPE
Czyz_DK,1780,DATE
Czyz_DK,Compagnie de Jésus,ORG
Czyz_DK,dans,NORP
Czyz_DK,Collège de la Compagnie de Jésus,ORG
Czyz_DK,1790,DATE
Czyz_DK,Блинова,PERSON
Czyz_DK,Иезуиты,GPE
Czyz_DK,Беларуси,GPE
Czyz_DK,Я. Купалы,PERSON
Czyz_DK,2002,DATE
Czyz_DK,Петр,PERSON
Czyz_DK,1992,DATE
Czyz_DK,282,CARDINAL
Czyz_DK,Инглот,PERSON
Czyz_DK,S.J.,ORG
Czyz_DK,Иисуса в,PERSON
Czyz_DK,1772–1820,CARDINAL
Czyz_DK,Ордена,ORG
Czyz_DK,Св,GPE
Czyz_DK,2004,DATE
Czyz_DK,Giżycki,PERSON
Czyz_DK,Jan Marek,PERSON
Czyz_DK,Akademii Połockiej,PERSON
Czyz_DK,Kraków,PERSON
Czyz_DK,W.L. Anczyc,PERSON
Czyz_DK,1905,DATE
Czyz_DK,Ludwik,GPE
Czyz_DK,Encyklopedia,GPE
Czyz_DK,Kraków,PERSON
Czyz_DK,1996,DATE
Czyz_DK,Marie-Joseph,PERSON
Czyz_DK,Paris,GPE
Czyz_DK,Perrin,GPE
Czyz_DK,1922,DATE
Czyz_DK,"Zalenski, Stanislaw, P.,",WORK_OF_ART
Czyz_DK,S.J.,ORG
Czyz_DK,Les Jésuites de la Russie Blanche,PERSON
Czyz_DK,2,CARDINAL
Czyz_DK,traduit du polonais par,ORG
Czyz_DK,Vivier de la même Compagnie,PERSON
Czyz_DK,Paris,GPE
Czyz_DK,Letouzey et Ané,PERSON
Czyz_DK,1886,DATE
Czyz_DK,Dzianis Kandakou,PERSON
